{"edges":[],"nodes":[ {"type": "star","name": "","phone": "13109697111","id": "1703ad639b76d60d","x": 589,"y": 856,"color": "#E25D68","size": 3,"rank": 5,"hidden": false,"classname": "涉毒","grade": 0,"pid": "15644536933815","topk": 0,"topk_value": 2.239981186952683}, {"type": "star","name": "","phone": "15837965093","id": "6895d0347a620c02","x": 1359,"y": 569,"color": "#E25D68","size": 3,"rank": 5,"hidden": false,"classname": "涉毒","grade": 0,"pid": "15644536933815","topk": 0,"topk_value": 2.239981186952683}, {"type": "star","name": "","phone": "15090210888","id": "58a9bda06fbfab68","x": 1665,"y": 1201,"color": "#E25D68","size": 3,"rank": 5,"hidden": false,"classname": "涉毒","grade": 0,"pid": "15644536933815","topk": 0,"topk_value": 2.239981186952683}, {"type": "star","name": "","phone": "18503903743","id": "24326b623f623a90","x": 1580,"y": 1570,"color": "#E25D68","size": 3,"rank": 5,"hidden": false,"classname": "涉毒","grade": 0,"pid": "15644536933815","topk": 0,"topk_value": 2.239981186952683}, {"type": "star","name": "","phone": "13335307222","id": "4082d58bbb713a29","x": 343,"y": 1409,"color": "#E25D68","size": 3,"rank": 5,"hidden": false,"classname": "涉毒","grade": 0,"pid": "15644536933815","topk": 0,"topk_value": 2.239981186952683}, {"type": "star","name": "","phone": "18205462782","id": "700b028e5913308a","x": 776,"y": 1154,"color": "#E25D68","size": 3,"rank": 5,"hidden": false,"classname": "涉毒","grade": 0,"pid": "15644536933815","topk": 0,"topk_value": 2.239981186952683}, {"type": "star","name": "","phone": "13525649333","id": "2716f65c5f76e4f5","x": 1019,"y": 1512,"color": "#E25D68","size": 3,"rank": 5,"hidden": false,"classname": "涉毒","grade": 0,"pid": "15644536933815","topk": 0,"topk_value": 2.239981186952683}, {"type": "star","name": "","phone": "15501886022","id": "0b610203f8af05b0","x": 664,"y": 1555,"color": "#E25D68","size": 3,"rank": 5,"hidden": false,"classname": "涉毒","grade": 0,"pid": "15644536933815","topk": 0,"topk_value": 2.239981186952683}, {"type": "star","name": "","phone": "13899978345","id": "e9fbdbea62a0ab29","x": 1110,"y": 1048,"color": "#E25D68","size": 3,"rank": 5,"hidden": false,"classname": "涉毒","grade": 0,"pid": "15644536933815","topk": 0,"topk_value": 2.239981186952683}, {"type": "star","name": "","phone": "15915834783","id": "69bf3af99864996e","x": 1064,"y": 377,"color": "#E25D68","size": 3,"rank": 5,"hidden": false,"classname": "涉毒","grade": 0,"pid": "15644536933815","topk": 0,"topk_value": 2.239981186952683}, {"type": "star","name": "","phone": "13603710816","id": "98ba66ba0ce444c5","x": 692,"y": 516,"color": "#E25D68","size": 3,"rank": 5,"hidden": false,"classname": "涉毒","grade": 0,"pid": "15644536933815","topk": 0,"topk_value": 2.239981186952683}, {"type": "star","name": "","phone": "18205462765","id": "afe94797ee36e512","x": 344,"y": 478,"color": "#E25D68","size": 3,"rank": 5,"hidden": false,"classname": "涉毒","grade": 0,"pid": "15644536933815","topk": 0,"topk_value": 2.239981186952683}, {"type": "star","name": "","phone": "13765294884","id": "46e356f93a9d1484","x": 301,"y": 1059,"color": "#E25D68","size": 3,"rank": 5,"hidden": false,"classname": "涉毒","grade": 0,"pid": "15644536933815","topk": 0,"topk_value": 2.239981186952683}, {"type": "star","name": "","phone": "17698288788","id": "b44d4156ca8b29c4","x": 1561,"y": 859,"color": "#E25D68","size": 3,"rank": 5,"hidden": false,"classname": "涉毒","grade": 0,"pid": "15644536933815","topk": 0,"topk_value": 2.239981186952683}, {"type": "star","name": "","phone": "15037075697","id": "bba502bf731a1270","x": 1330,"y": 1324,"color": "#E25D68","size": 3,"rank": 5,"hidden": false,"classname": "涉毒","grade": 0,"pid": "15644536933815","topk": 0,"topk_value": 2.239981186952683}, {"type": "star","name": "","phone": "13669150626","id": "7ffc7d5acac0cddc","x": 982,"y": 721,"color": "#E25D68","size": 3,"rank": 5,"hidden": false,"classname": "涉毒","grade": 0,"pid": "15644536933815","topk": 0,"topk_value": 2.239981186952683}, {"type": "star","name": "","phone": "13608468918","id": "73073268a432fb4d","x": 1703,"y": 478,"color": "#E25D68","size": 3,"rank": 5,"hidden": false,"classname": "涉毒","grade": 0,"pid": "15644536933815","topk": 0,"topk_value": 2.239981186952683}],"success":"false"}