{"nodes":[{"classname":"","grade":2,"type":"circle","name":"","phone":"15165101606","pid":"15640470569535","id":"cb78d4eaceb3eb9f","x":1331.9746063897956,"y":1071.1543684925307,"color":"#8BC34A","size":8,"rank":5,"hidden":true,"flag":false,"topk":9,"topk_value":0.8577919278716768},{"classname":"","grade":2,"type":"circle","name":"","phone":"18552063695","pid":"15640470569535","id":"5124f17435136e3e","x":878.368617503135,"y":840.0872812247524,"color":"#8BC34A","size":6,"rank":5,"hidden":false,"flag":false,"topk":15,"topk_value":0.8561781001676453},{"classname":"","grade":1,"type":"equilateral","name":"","phone":"18363088520","pid":"15640470569535","id":"00cf1967f5bb7f1d","x":1040.704205802081,"y":688.7384476774804,"color":"#8BC34A","size":9,"rank":5,"hidden":false,"flag":false,"topk":8,"topk_value":0.8609011638694279},{"classname":"","grade":1,"type":"equilateral","name":"","phone":"15851533964","pid":"15640470569535","id":"98f8f011ac50e65d","x":404,"y":611,"color":"#8BC34A","size":5,"rank":5,"hidden":false,"flag":false,"topk":17,"topk_value":0.8535873688352571},{"classname":"","grade":0,"type":"star","name":"","phone":"15275199406","pid":"15640470569535","id":"ef25332d62b68024","x":1789,"y":977,"color":"#03A9F4","size":6,"rank":5,"hidden":false,"flag":false,"topk":0,"topk_value":0.9983124999999999},{"classname":"","grade":0,"type":"star","name":"","phone":"15588818539","pid":"15640470569535","id":"a5832d92c014a6ef","x":604.76032825044,"y":850.9264325200924,"color":"#8BC34A","size":10,"rank":5,"hidden":false,"flag":false,"topk":0,"topk_value":1.8385603051050805},{"classname":"","grade":1,"type":"equilateral","name":"","phone":"15253186298","pid":"15640470569535","id":"66d002d2fb9b0cd6","x":-128.00340769148875,"y":1044.0827710697215,"color":"#E25D68","size":10,"rank":5,"hidden":false,"flag":false,"topk":1,"topk_value":1.2291324766100358},{"classname":"","grade":2,"type":"circle","name":"","phone":"15254190669","pid":"15640470569535","id":"8daf88f92cdd5231","x":134.55267567092574,"y":1039.8720147920496,"color":"#E25D68","size":4,"rank":5,"hidden":false,"flag":false,"topk":7,"topk_value":0.8536201043935036},{"classname":"","grade":2,"type":"circle","name":"","phone":"15068662335","pid":"15640470569535","id":"1718c3fa3cd127bf","x":1185,"y":479,"color":"#8BC34A","size":7,"rank":5,"hidden":false,"flag":false,"topk":13,"topk_value":0.8561781001676453},{"classname":"","grade":1,"type":"equilateral","name":"","phone":"17862921965","pid":"15640470569535","id":"53d20fa1e4d4374d","x":892.8213501275957,"y":621.3858599445464,"color":"#8BC34A","size":10,"rank":5,"hidden":false,"flag":false,"topk":6,"topk_value":0.9558751049890566},{"classname":"","grade":1,"type":"equilateral","name":"","phone":"17853187799","pid":"15640470569535","id":"95818c8dd378c3cc","x":324.4322874767338,"y":1294.3897698336812,"color":"#8BC34A","size":10,"rank":5,"hidden":false,"flag":false,"topk":2,"topk_value":1.446598315618283},{"classname":"","grade":2,"type":"circle","name":"","phone":"18953159572","pid":"15640470569535","id":"fb75f51c82189367","x":1466,"y":849,"color":"#8BC34A","size":5,"rank":5,"hidden":true,"flag":false,"topk":11,"topk_value":0.8561781001676453},{"classname":"","grade":1,"type":"equilateral","name":"","phone":"15552550376","pid":"15640470569535","id":"ae7c2ad43820755e","x":710.4569584160232,"y":650.9657283582159,"color":"#8BC34A","size":7,"rank":5,"hidden":false,"flag":false,"topk":5,"topk_value":0.9653894887813745},{"classname":"","grade":1,"type":"equilateral","name":"","phone":"18653183222","pid":"15640470569535","id":"ecd801b9a981b960","x":1024,"y":1613,"color":"#8BC34A","size":10,"rank":5,"hidden":true,"flag":false,"topk":4,"topk_value":0.9976759008270736},{"classname":"","grade":2,"type":"circle","name":"","phone":"15264100999","pid":"15640470569535","id":"2cd9aeda2e41c464","x":602.6399983706145,"y":1126.4208472469852,"color":"#8BC34A","size":4,"rank":5,"hidden":false,"flag":false,"topk":12,"topk_value":0.8561781001676453},{"classname":"","grade":2,"type":"circle","name":"","phone":"15562418288","pid":"15640470569535","id":"9443d89e746b2f8e","x":815,"y":1574,"color":"#8BC34A","size":7,"rank":5,"hidden":false,"flag":false,"topk":14,"topk_value":0.8561781001676453},{"classname":"","grade":1,"type":"equilateral","name":"","phone":"18396860558","pid":"15640470569535","id":"abfec03ef164a8d4","x":-409.8309592439491,"y":1074.959932830251,"color":"#E25D68","size":10,"rank":5,"hidden":false,"flag":false,"topk":3,"topk_value":0.9440670909770579},{"classname":"","grade":1,"type":"equilateral","name":"","phone":"15069080878","pid":"15640470569535","id":"1869de7a8831606b","x":1113.286589731696,"y":1045.0134628800088,"color":"#8BC34A","size":10,"rank":5,"hidden":false,"flag":false,"topk":1,"topk_value":1.4660231215499802},{"classname":"","grade":0,"type":"star","name":"","phone":"18266166625","pid":"15640470569535","id":"eaba25527b2cb370","x":1806,"y":623,"color":"#E25D68","size":3,"rank":5,"hidden":false,"flag":false,"topk":10,"topk_value":100},{"classname":"","grade":1,"type":"equilateral","name":"","phone":"18853100196","pid":"15640470569535","id":"ee6e0fea10c1a8a7","x":124.29859008357539,"y":794.5533227207569,"color":"#E25D68","size":10,"rank":5,"hidden":false,"flag":false,"topk":0,"topk_value":1.3564695155815547},{"classname":"","grade":2,"type":"circle","name":"","phone":"13488117171","pid":"15640470569535","id":"bb772ac91d54eb1a","x":1193.625579680877,"y":1390.6148483476686,"color":"#8BC34A","size":5,"rank":5,"hidden":true,"flag":false,"topk":16,"topk_value":0.8561781001676453},{"classname":"","grade":1,"type":"equilateral","name":"","phone":"18631608758","pid":"15640470569535","id":"0f00d51a42574e8d","x":1044,"y":1264,"color":"#8BC34A","size":6,"rank":5,"hidden":false,"flag":false,"topk":10,"topk_value":0.8565042246072141},{"classname":"","grade":0,"type":"star","name":"","phone":"18853108619","pid":"15640470569535","id":"240afa31bf26e951","x":-276.392061284434,"y":916.6391020795279,"color":"#E25D68","size":6,"rank":5,"hidden":false,"flag":false,"topk":4,"topk_value":0.8738901202233508},{"classname":"","grade":2,"type":"circle","name":"","phone":"18853108618","pid":"15640470569535","id":"3f9e342725ef7095","x":0.9851924836334547,"y":1291.912274497214,"color":"#E25D68","size":5,"rank":5,"hidden":false,"flag":false,"topk":5,"topk_value":0.8654097974136816},{"classname":"","grade":1,"type":"equilateral","name":"","phone":"18668908393","pid":"15640470569535","id":"41c6d40648539050","x":1059.0513036055063,"y":907.8687305057294,"color":"#8BC34A","size":9,"rank":5,"hidden":false,"flag":false,"topk":3,"topk_value":1.033324666562672},{"classname":"","grade":1,"type":"equilateral","name":"","phone":"13573180529","pid":"15640470569535","id":"3cc36d34403ca24e","x":1645,"y":1294,"color":"#03A9F4","size":8,"rank":5,"hidden":false,"flag":false,"topk":1,"topk_value":0.9983124999999999},{"classname":"","grade":2,"type":"circle","name":"","phone":"13953118995","pid":"15640470569535","id":"b3759c4f033a57ce","x":182.52212803166708,"y":924.8631457474384,"color":"#E25D68","size":6,"rank":5,"hidden":false,"flag":false,"topk":6,"topk_value":0.8536201043935036},{"classname":"","grade":1,"type":"equilateral","name":"","phone":"15553117329","pid":"15640470569535","id":"d20bc3fca81f410b","x":-0.46613409090673485,"y":736.3297847726653,"color":"#E25D68","size":7,"rank":5,"hidden":false,"flag":false,"topk":2,"topk_value":1.0202470404073123},{"classname":"","grade":1,"type":"equilateral","name":"","phone":"13658613119","pid":"15640470569535","id":"eabc6acb77e7bff9","x":161,"y":900,"color":"#8BC34A","size":10,"rank":5,"hidden":false,"flag":false,"topk":18,"topk_value":0.8503261244395688},{"classname":"","grade":1,"type":"equilateral","name":"","phone":"13733039945","pid":"15640470569535","id":"813fc3906472bee2","x":465.83367626886115,"y":1607.8988340192045,"color":"#8BC34A","size":9,"rank":5,"hidden":false,"flag":false,"topk":7,"topk_value":0.8790068109374632}],"edges":[{"source":"53d20fa1e4d4374d","target":"a5832d92c014a6ef","id":"89c91daa08046e81","size":160,"hidden":false},{"source":"95818c8dd378c3cc","target":"0f00d51a42574e8d","id":"328e7b1a7003fbcf","size":1,"hidden":false},{"source":"240afa31bf26e951","target":"66d002d2fb9b0cd6","id":"7ea380449cb10ba0","size":1,"hidden":false},{"source":"95818c8dd378c3cc","target":"1869de7a8831606b","id":"43cda2c2df402525","size":41,"hidden":false},{"source":"95818c8dd378c3cc","target":"2cd9aeda2e41c464","id":"e7426de061f84721","size":1,"hidden":false},{"source":"1869de7a8831606b","target":"95818c8dd378c3cc","id":"713ae74651b2bda1","size":41,"hidden":false},{"source":"0f00d51a42574e8d","target":"95818c8dd378c3cc","id":"094011956b7ef104","size":1,"hidden":false},{"source":"41c6d40648539050","target":"41c6d40648539050","id":"b09534de225342d4","size":85,"hidden":false},{"source":"66d002d2fb9b0cd6","target":"3f9e342725ef7095","id":"e9f3e6d49c0a6aad","size":1,"hidden":false},{"source":"66d002d2fb9b0cd6","target":"240afa31bf26e951","id":"02725065e83be782","size":1,"hidden":false},{"source":"d20bc3fca81f410b","target":"d20bc3fca81f410b","id":"8af2f9475ac3f395","size":16,"hidden":false},{"source":"0f00d51a42574e8d","target":"1869de7a8831606b","id":"2861aa9658a489f4","size":1,"hidden":false},{"source":"abfec03ef164a8d4","target":"240afa31bf26e951","id":"1487366062da358b","size":1,"hidden":false},{"source":"a5832d92c014a6ef","target":"ecd801b9a981b960","id":"b5dc636d280afd9d","size":17,"hidden":false},{"source":"abfec03ef164a8d4","target":"3f9e342725ef7095","id":"5171fcf5e98119a8","size":1,"hidden":false},{"source":"a5832d92c014a6ef","target":"ae7c2ad43820755e","id":"00903c5142f911ef","size":13,"hidden":false},{"source":"ee6e0fea10c1a8a7","target":"66d002d2fb9b0cd6","id":"e5df20805fb0de0e","size":97,"hidden":false},{"source":"abfec03ef164a8d4","target":"ee6e0fea10c1a8a7","id":"d0f249732bdd3007","size":10,"hidden":false},{"source":"a5832d92c014a6ef","target":"00cf1967f5bb7f1d","id":"7b3dd8505f481084","size":74,"hidden":false},{"source":"813fc3906472bee2","target":"a5832d92c014a6ef","id":"12cd18a6a7642cb8","size":1,"hidden":false},{"source":"1869de7a8831606b","target":"9443d89e746b2f8e","id":"7628852fd4f65ac0","size":1,"hidden":false},{"source":"41c6d40648539050","target":"cb78d4eaceb3eb9f","id":"e2f87dba5871bf78","size":1,"hidden":false},{"source":"a5832d92c014a6ef","target":"a5832d92c014a6ef","id":"bb1bb55131546d54","size":451,"hidden":false},{"source":"66d002d2fb9b0cd6","target":"ee6e0fea10c1a8a7","id":"b113736636d52fe4","size":97,"hidden":false},{"source":"95818c8dd378c3cc","target":"cb78d4eaceb3eb9f","id":"2d27006295d74c85","size":1,"hidden":false},{"source":"813fc3906472bee2","target":"95818c8dd378c3cc","id":"17b66f1d44fdcf3c","size":1,"hidden":false},{"source":"240afa31bf26e951","target":"d20bc3fca81f410b","id":"3b435d637bf8974c","size":1,"hidden":false},{"source":"ecd801b9a981b960","target":"ecd801b9a981b960","id":"6831aff8ebaa5ec8","size":269,"hidden":false},{"source":"240afa31bf26e951","target":"abfec03ef164a8d4","id":"93935c98bf2644f4","size":1,"hidden":false},{"source":"a5832d92c014a6ef","target":"eabc6acb77e7bff9","id":"e6e093c85a6bd327","size":7,"hidden":false},{"source":"1869de7a8831606b","target":"0f00d51a42574e8d","id":"56bcdcba0c32cc2c","size":1,"hidden":false},{"source":"1869de7a8831606b","target":"813fc3906472bee2","id":"0fc019b71545315c","size":1,"hidden":false},{"source":"00cf1967f5bb7f1d","target":"53d20fa1e4d4374d","id":"4914f7fffa624b76","size":7,"hidden":false},{"source":"1869de7a8831606b","target":"bb772ac91d54eb1a","id":"165cd9a478f7b87e","size":1,"hidden":false},{"source":"ef25332d62b68024","target":"3cc36d34403ca24e","id":"1e8b1f1636acabcd","size":1,"hidden":false},{"source":"a5832d92c014a6ef","target":"41c6d40648539050","id":"ed55b75771f86bf3","size":20,"hidden":false},{"source":"95818c8dd378c3cc","target":"1718c3fa3cd127bf","id":"c9b2e63dfe02a1e8","size":1,"hidden":false},{"source":"1869de7a8831606b","target":"5124f17435136e3e","id":"bf3a70b6edbf7fe8","size":1,"hidden":false},{"source":"95818c8dd378c3cc","target":"a5832d92c014a6ef","id":"573239d115a77a02","size":8,"hidden":false},{"source":"1869de7a8831606b","target":"a5832d92c014a6ef","id":"3d90d81ae635c38e","size":11,"hidden":false},{"source":"98f8f011ac50e65d","target":"a5832d92c014a6ef","id":"d28b7298c78d734e","size":1,"hidden":false},{"source":"1869de7a8831606b","target":"cb78d4eaceb3eb9f","id":"7bb0ab9c89ee6c62","size":1,"hidden":false},{"source":"95818c8dd378c3cc","target":"9443d89e746b2f8e","id":"375bc03b93e55e9e","size":1,"hidden":false},{"source":"00cf1967f5bb7f1d","target":"a5832d92c014a6ef","id":"ba801d16c2dffdcb","size":20,"hidden":false},{"source":"ae7c2ad43820755e","target":"ae7c2ad43820755e","id":"db00c91c1faa597e","size":25,"hidden":false},{"source":"a5832d92c014a6ef","target":"53d20fa1e4d4374d","id":"5e9339e195b8f1fc","size":222,"hidden":false},{"source":"95818c8dd378c3cc","target":"5124f17435136e3e","id":"6254f2739b291c31","size":1,"hidden":false},{"source":"1869de7a8831606b","target":"fb75f51c82189367","id":"687e9a41991c0427","size":1,"hidden":false},{"source":"66d002d2fb9b0cd6","target":"b3759c4f033a57ce","id":"5c0fcacc2001654b","size":1,"hidden":false},{"source":"eabc6acb77e7bff9","target":"a5832d92c014a6ef","id":"c964711bbe8bd514","size":1,"hidden":false},{"source":"a5832d92c014a6ef","target":"95818c8dd378c3cc","id":"21b4b9a7e00a6027","size":16,"hidden":false},{"source":"a5832d92c014a6ef","target":"1869de7a8831606b","id":"01dd07eda5c6b5f9","size":26,"hidden":false},{"source":"1869de7a8831606b","target":"1718c3fa3cd127bf","id":"dd153caf4aa23efa","size":1,"hidden":false},{"source":"95818c8dd378c3cc","target":"fb75f51c82189367","id":"2367ca7c854ffce8","size":1,"hidden":false},{"source":"ee6e0fea10c1a8a7","target":"8daf88f92cdd5231","id":"36ff9e71e41c77c3","size":1,"hidden":false},{"source":"95818c8dd378c3cc","target":"813fc3906472bee2","id":"f10b94c65dc1675f","size":1,"hidden":false},{"source":"41c6d40648539050","target":"a5832d92c014a6ef","id":"8ba97773abe356c1","size":10,"hidden":false},{"source":"a5832d92c014a6ef","target":"98f8f011ac50e65d","id":"bb34816b7cf341ec","size":11,"hidden":false},{"source":"d20bc3fca81f410b","target":"ee6e0fea10c1a8a7","id":"c8078fd8eb3774a7","size":1,"hidden":false},{"source":"ecd801b9a981b960","target":"a5832d92c014a6ef","id":"173cf732e3d719ed","size":9,"hidden":false},{"source":"1869de7a8831606b","target":"2cd9aeda2e41c464","id":"b69e035154cb5004","size":1,"hidden":false},{"source":"240afa31bf26e951","target":"ee6e0fea10c1a8a7","id":"1a6758e996b41b12","size":1,"hidden":false},{"source":"813fc3906472bee2","target":"1869de7a8831606b","id":"a5c421feca72fb9a","size":1,"hidden":false},{"source":"a5832d92c014a6ef","target":"0f00d51a42574e8d","id":"db6a3219e8262e43","size":9,"hidden":false},{"source":"53d20fa1e4d4374d","target":"00cf1967f5bb7f1d","id":"9bb9f2a7388db9c5","size":7,"hidden":false},{"source":"a5832d92c014a6ef","target":"813fc3906472bee2","id":"bff2b45b661c2f6c","size":70,"hidden":false},{"source":"66d002d2fb9b0cd6","target":"8daf88f92cdd5231","id":"cea149a546a54ff0","size":1,"hidden":false},{"source":"ae7c2ad43820755e","target":"a5832d92c014a6ef","id":"4d49b50454922538","size":7,"hidden":false},{"source":"ee6e0fea10c1a8a7","target":"b3759c4f033a57ce","id":"c9dc62ed9b5b8906","size":1,"hidden":false},{"source":"95818c8dd378c3cc","target":"bb772ac91d54eb1a","id":"b92efe5462ab5e77","size":1,"hidden":false},{"source":"ee6e0fea10c1a8a7","target":"d20bc3fca81f410b","id":"1b00235cc9f3bcea","size":1,"hidden":false},{"source":"0f00d51a42574e8d","target":"a5832d92c014a6ef","id":"2a2780c012a2b626","size":1,"hidden":false},{"source":"ee6e0fea10c1a8a7","target":"240afa31bf26e951","id":"ae48d3e9be11d9d3","size":1,"hidden":false},{"source":"ee6e0fea10c1a8a7","target":"abfec03ef164a8d4","id":"36dc81c26151bddb","size":10,"hidden":false},{"source":"ee6e0fea10c1a8a7","target":"3f9e342725ef7095","id":"37c1c190fabb7b46","size":1,"hidden":false},{"source":"1718c3fa3cd127bf","target":"fb75f51c82189367","id":"Tmp0.13842731919821327","size":1,"hidden":false},{"source":"cb78d4eaceb3eb9f","target":"bb772ac91d54eb1a","id":"Tmp0.7032230734137859","size":1,"hidden":false},{"source":"fb75f51c82189367","target":"ecd801b9a981b960","id":"Tmp0.49092684524083263","size":1,"hidden":false}]}