{"edges":[ {"source": "ba45dc168c17707f","target": "f96a9cd169cf450d","id": "28ff730e6a820491","size": 1,"hidden":false}, {"source": "d5a5eb6dd2f2563a","target": "3eb6e39e1693bf7c","id": "226e2329a41535b0","size": 15,"hidden":false}, {"source": "c3f5adf30c338b03","target": "bb61f52224432aee","id": "696afc0e480570c0","size": 1,"hidden":false}, {"source": "affc349b48683bab","target": "539433621f8afc86","id": "036b5cb5cad8d67b","size": 1,"hidden":false}, {"source": "fa060939f4f8d10b","target": "8d25b715987d6eac","id": "03752dd3eb2d5467","size": 1,"hidden":false}, {"source": "25cc72e819363e2f","target": "fc937aadbe660eba","id": "6cf6ba0f4e394bab","size": 1,"hidden":false}, {"source": "7994c398dd8e1488","target": "affc349b48683bab","id": "06c0958ef1b3a3a1","size": 1,"hidden":false}, {"source": "ed785503eedaafa8","target": "fa060939f4f8d10b","id": "9276b785de3439b1","size": 8,"hidden":false}, {"source": "1a0bfcdaf16f639d","target": "370a7112702cc945","id": "d491aeb096efbadc","size": 1,"hidden":false}, {"source": "c3f5adf30c338b03","target": "cf53d6087edad6b6","id": "f70f42779f25230e","size": 1,"hidden":false}, {"source": "e1542eebc7b4d984","target": "affc349b48683bab","id": "5af12d5fbf809a75","size": 29,"hidden":false}, {"source": "22f4dfb8a04840a4","target": "1a0bfcdaf16f639d","id": "25a0c66314f5cb95","size": 8,"hidden":false}, {"source": "e1542eebc7b4d984","target": "f96a9cd169cf450d","id": "452bd8d5a3cfdca0","size": 1,"hidden":false}, {"source": "7a41eb061c4b9909","target": "5d7f6f4dbee7a91f","id": "fbfc2b685b9f205c","size": 1,"hidden":false}, {"source": "7a41eb061c4b9909","target": "ed785503eedaafa8","id": "5f7e5af6c5d9ad3d","size": 9,"hidden":false}, {"source": "affc349b48683bab","target": "5d7f6f4dbee7a91f","id": "c65e66ecf9cc6573","size": 1,"hidden":false}, {"source": "daf199f8bc711a1d","target": "0b56895c279355d1","id": "7c3323ddb0138bb0","size": 1,"hidden":false}, {"source": "3eb6e39e1693bf7c","target": "affc349b48683bab","id": "d0d9e53091d7b530","size": 46,"hidden":false}, {"source": "affc349b48683bab","target": "6435337cf187e2c9","id": "507bd92f95feca3d","size": 1,"hidden":false}, {"source": "e1542eebc7b4d984","target": "b2a69efdedfaa997","id": "8e72879d040e08fe","size": 1,"hidden":false}, {"source": "82a331441aad11ef","target": "fa060939f4f8d10b","id": "11eeef916b831a69","size": 9,"hidden":false}, {"source": "1a0bfcdaf16f639d","target": "7e806bd231f56a2f","id": "1129ea594fe14f02","size": 1,"hidden":false}, {"source": "affc349b48683bab","target": "a02ee5c9bfb3a06d","id": "9bee035eebf39c94","size": 1,"hidden":false}, {"source": "fa060939f4f8d10b","target": "f3ae3eaaf869127a","id": "a0f0ac5686ef370d","size": 7,"hidden":false}, {"source": "affc349b48683bab","target": "cb4129a80ea4c5d3","id": "fe282259615a3b17","size": 1,"hidden":false}, {"source": "e46cddd87b112646","target": "b2a69efdedfaa997","id": "6eb0c9904c3c213a","size": 1,"hidden":false}, {"source": "25cc72e819363e2f","target": "203295b4664eccff","id": "e042d61aee9c8dea","size": 1,"hidden":false}, {"source": "e1542eebc7b4d984","target": "020c0367530bc947","id": "93cda72d2af3cc19","size": 1,"hidden":false}, {"source": "87a4e1db54c5af58","target": "fa060939f4f8d10b","id": "e7a2548e41090ac2","size": 7,"hidden":false}, {"source": "13299e66a9b286e7","target": "6924edcbcf8a4726","id": "fb527d1e5c2a5728","size": 9,"hidden":false}, {"source": "64d101edddbe62e5","target": "6924edcbcf8a4726","id": "cc40227fb2ac0a2f","size": 1,"hidden":false}, {"source": "203295b4664eccff","target": "25cc72e819363e2f","id": "5fc95064172f2f69","size": 1,"hidden":false}, {"source": "87a4e1db54c5af58","target": "720785ab379ea616","id": "bebc676da1437632","size": 1,"hidden":false}, {"source": "64d101edddbe62e5","target": "affc349b48683bab","id": "018ebb807c4ccfd2","size": 1,"hidden":false}, {"source": "6924edcbcf8a4726","target": "76ed8f421971c8ec","id": "cdb4b5275c8b0e41","size": 1,"hidden":false}, {"source": "6924edcbcf8a4726","target": "19cf5025b2105647","id": "09aade76e36ea881","size": 1,"hidden":false}, {"source": "5c2b2d53847a12e6","target": "1a0bfcdaf16f639d","id": "15b7faccc987ea2f","size": 8,"hidden":false}, {"source": "fe5e89d1219ca520","target": "daf199f8bc711a1d","id": "a60a78f2ac7a1b20","size": 9,"hidden":false}, {"source": "affc349b48683bab","target": "203295b4664eccff","id": "c081bf3cf90ce3c5","size": 8,"hidden":false}, {"source": "28b9a50da681510a","target": "affc349b48683bab","id": "7514dd4c7f1958d3","size": 1,"hidden":false}, {"source": "d5a5eb6dd2f2563a","target": "affc349b48683bab","id": "83fd42e62f0ba0a1","size": 11,"hidden":false}, {"source": "87a4e1db54c5af58","target": "f96a9cd169cf450d","id": "7a147ca718a4078d","size": 1,"hidden":false}, {"source": "64d101edddbe62e5","target": "fa060939f4f8d10b","id": "9cbae7847c3a16cc","size": 1,"hidden":false}, {"source": "64d101edddbe62e5","target": "e1542eebc7b4d984","id": "61c132c9b48ae5b4","size": 1,"hidden":false}, {"source": "3eb6e39e1693bf7c","target": "5c2b2d53847a12e6","id": "2a74c24207b9e82c","size": 16,"hidden":false}, {"source": "a02ee5c9bfb3a06d","target": "affc349b48683bab","id": "5199b94f332b1c19","size": 1,"hidden":false}, {"source": "affc349b48683bab","target": "06737083770bb2ac","id": "7d70e46295c7149c","size": 1,"hidden":false}, {"source": "5c2b2d53847a12e6","target": "64d101edddbe62e5","id": "cb06d50a00a8abc5","size": 1,"hidden":false}, {"source": "fe5e89d1219ca520","target": "fe5e89d1219ca520","id": "811f17259d19f539","size": 58,"hidden":false}, {"source": "2afc6629a377eed5","target": "ed785503eedaafa8","id": "752342a64a22f21c","size": 9,"hidden":false}, {"source": "5873d7c9a6dc34d2","target": "b9f8b1d75b1686de","id": "6947f323c93a030d","size": 1,"hidden":false}, {"source": "06737083770bb2ac","target": "affc349b48683bab","id": "b6c00cc12fff5e2b","size": 1,"hidden":false}, {"source": "fdfbc87e89fabbef","target": "1a0bfcdaf16f639d","id": "9b3678f65ea541a8","size": 20,"hidden":false}, {"source": "6924edcbcf8a4726","target": "30e7d454894480fd","id": "b81e325dbdaee219","size": 1,"hidden":false}, {"source": "87a4e1db54c5af58","target": "cf53d6087edad6b6","id": "4af2bd638cda8671","size": 1,"hidden":false}, {"source": "e1542eebc7b4d984","target": "e46cddd87b112646","id": "02998321d33c9bf7","size": 15,"hidden":false}, {"source": "ba45dc168c17707f","target": "e5ceeb0dd51ff608","id": "a488f0acf72f744b","size": 1,"hidden":false}, {"source": "5c2b2d53847a12e6","target": "3eb6e39e1693bf7c","id": "6d0d294fc744c0cd","size": 16,"hidden":false}, {"source": "6435337cf187e2c9","target": "5d7f6f4dbee7a91f","id": "8e87a563812ffd17","size": 1,"hidden":false}, {"source": "1a0bfcdaf16f639d","target": "30455db80ce17a2a","id": "630cd31873d455ce","size": 1,"hidden":false}, {"source": "affc349b48683bab","target": "d463ad12af91e8e9","id": "15151621b16c46de","size": 1,"hidden":false}, {"source": "affc349b48683bab","target": "7994c398dd8e1488","id": "22de4d186929e3c3","size": 1,"hidden":false}, {"source": "fe5e89d1219ca520","target": "affc349b48683bab","id": "a0135144d046cea9","size": 23,"hidden":false}, {"source": "a1dc57f86b2b9be1","target": "affc349b48683bab","id": "5dc8228f0aa537cb","size": 1,"hidden":false}, {"source": "1a0bfcdaf16f639d","target": "ba45dc168c17707f","id": "b276cbd6823b04cc","size": 1,"hidden":false}, {"source": "ed785503eedaafa8","target": "2afc6629a377eed5","id": "bd451110ad3ceb66","size": 9,"hidden":false}, {"source": "82a331441aad11ef","target": "cf53d6087edad6b6","id": "0396a85dbe7a2f6d","size": 1,"hidden":false}, {"source": "ed785503eedaafa8","target": "99c92eef81131cb8","id": "3159cd2645711dd7","size": 10,"hidden":false}, {"source": "5d7f6f4dbee7a91f","target": "affc349b48683bab","id": "8938e280bc22afca","size": 1,"hidden":false}, {"source": "82a331441aad11ef","target": "e1542eebc7b4d984","id": "a00dad33cffa08cf","size": 1,"hidden":false}, {"source": "82a331441aad11ef","target": "8d25b715987d6eac","id": "5940e8efcd816e8b","size": 1,"hidden":false}, {"source": "1a0bfcdaf16f639d","target": "7a41eb061c4b9909","id": "8ef5a4af675c55eb","size": 1,"hidden":false}, {"source": "5d7f6f4dbee7a91f","target": "6435337cf187e2c9","id": "d4a47880d5afaec5","size": 1,"hidden":false}, {"source": "e1542eebc7b4d984","target": "b9eb16987ad4fb89","id": "b38c91f0f71a51f5","size": 1,"hidden":false}, {"source": "dce208b18241be55","target": "affc349b48683bab","id": "5840e3a8d6ce7ee5","size": 1,"hidden":false}, {"source": "affc349b48683bab","target": "9f51bec5ac9ba677","id": "ced950d5b94739c8","size": 1,"hidden":false}, {"source": "fa060939f4f8d10b","target": "1a0bfcdaf16f639d","id": "673f3646af151751","size": 9,"hidden":false}, {"source": "203295b4664eccff","target": "affc349b48683bab","id": "f29e17ef3c4dab64","size": 21,"hidden":false}, {"source": "5c2b2d53847a12e6","target": "87a4e1db54c5af58","id": "e54af8818d7420f0","size": 21,"hidden":false}, {"source": "ad2ec69d24c7edc1","target": "e1542eebc7b4d984","id": "d76488ba79898d5c","size": 9,"hidden":false}, {"source": "c3f5adf30c338b03","target": "6924edcbcf8a4726","id": "cf78b98cc0383da1","size": 45,"hidden":false}, {"source": "e1542eebc7b4d984","target": "f3ae3eaaf869127a","id": "cb060d59877ac6b2","size": 1,"hidden":false}, {"source": "affc349b48683bab","target": "c09850c1b14b9de7","id": "55648833e18042d6","size": 1,"hidden":false}, {"source": "6924edcbcf8a4726","target": "c3f5adf30c338b03","id": "41ccece6bcf8ce94","size": 45,"hidden":false}, {"source": "1a0bfcdaf16f639d","target": "fdfbc87e89fabbef","id": "224845f1a43c286f","size": 1,"hidden":false}, {"source": "e1542eebc7b4d984","target": "fa060939f4f8d10b","id": "b177ff2d3b151a57","size": 9,"hidden":false}, {"source": "fe5e89d1219ca520","target": "5c2b2d53847a12e6","id": "27c7137d29de479b","size": 7,"hidden":false}, {"source": "3eb6e39e1693bf7c","target": "daf199f8bc711a1d","id": "b57e54238a010783","size": 16,"hidden":false}, {"source": "fa060939f4f8d10b","target": "64d101edddbe62e5","id": "e9a6eaffdbaff6e0","size": 1,"hidden":false}, {"source": "115b80ebd3f2c369","target": "7f09ed74085f51d8","id": "d63f2660f3a934d2","size": 1,"hidden":false}, {"source": "c3f5adf30c338b03","target": "fc937aadbe660eba","id": "b570fa7576bdacc5","size": 1,"hidden":false}, {"source": "e1542eebc7b4d984","target": "edf50050b65c65a3","id": "726da736358da710","size": 1,"hidden":false}, {"source": "affc349b48683bab","target": "dce208b18241be55","id": "95b270846e338038","size": 1,"hidden":false}, {"source": "6435337cf187e2c9","target": "f96a9cd169cf450d","id": "5badafd6abb8abae","size": 1,"hidden":false}, {"source": "fa060939f4f8d10b","target": "e1542eebc7b4d984","id": "39920317d941e845","size": 9,"hidden":false}, {"source": "e1542eebc7b4d984","target": "e5ceeb0dd51ff608","id": "14639c6e3b3787ec","size": 1,"hidden":false}, {"source": "75141abc3618d051","target": "affc349b48683bab","id": "5ce42555a24ed148","size": 1,"hidden":false}, {"source": "110277253dc937c1","target": "b9f8b1d75b1686de","id": "d9dfb9bcd8731de7","size": 1,"hidden":false}, {"source": "6924edcbcf8a4726","target": "203295b4664eccff","id": "90fa88303f3ca643","size": 18,"hidden":false}, {"source": "370a7112702cc945","target": "1a0bfcdaf16f639d","id": "12d30d2a092695d7","size": 1,"hidden":false}, {"source": "6924edcbcf8a4726","target": "9f51bec5ac9ba677","id": "552b4cdc51394fc8","size": 1,"hidden":false}, {"source": "1a0bfcdaf16f639d","target": "64d101edddbe62e5","id": "f799e5978a4d2f93","size": 1,"hidden":false}, {"source": "539433621f8afc86","target": "affc349b48683bab","id": "742a7fbecdef5265","size": 1,"hidden":false}, {"source": "affc349b48683bab","target": "d5a5eb6dd2f2563a","id": "80677d089e5a77e1","size": 1,"hidden":false}, {"source": "203295b4664eccff","target": "6924edcbcf8a4726","id": "51d210fd298ccc17","size": 35,"hidden":false}, {"source": "82a331441aad11ef","target": "82a331441aad11ef","id": "3b76ca28347da840","size": 92,"hidden":false}, {"source": "fa060939f4f8d10b","target": "cf53d6087edad6b6","id": "5e7b1e24e31bab8f","size": 1,"hidden":false}, {"source": "d5a5eb6dd2f2563a","target": "d5a5eb6dd2f2563a","id": "803fe9e5b1533cd8","size": 134,"hidden":false}, {"source": "2a4c20686dc5c4c9","target": "affc349b48683bab","id": "7802339349f81a3b","size": 10,"hidden":false}, {"source": "a1d957991d760763","target": "affc349b48683bab","id": "12a30bcb0c0a7e87","size": 1,"hidden":false}, {"source": "e46cddd87b112646","target": "e1542eebc7b4d984","id": "7ffb4ac26555e127","size": 15,"hidden":false}, {"source": "d463ad12af91e8e9","target": "affc349b48683bab","id": "2896c992f8dbf2cf","size": 1,"hidden":false}, {"source": "affc349b48683bab","target": "5873d7c9a6dc34d2","id": "7c0d439776781f69","size": 1,"hidden":false}, {"source": "5c2b2d53847a12e6","target": "13299e66a9b286e7","id": "bcc57793f8ac98f3","size": 17,"hidden":false}, {"source": "25cc72e819363e2f","target": "7e806bd231f56a2f","id": "d44722c1b3fbb5de","size": 31,"hidden":false}, {"source": "1a0bfcdaf16f639d","target": "2afc6629a377eed5","id": "97d1587892647fc9","size": 1,"hidden":false}, {"source": "6f469a884acbf92a","target": "1a0bfcdaf16f639d","id": "95c963b73b3fb3af","size": 1,"hidden":false}, {"source": "a743b21eb1a20649","target": "fc937aadbe660eba","id": "a98f951c7fbdc2c9","size": 1,"hidden":false}, {"source": "22f4dfb8a04840a4","target": "22f4dfb8a04840a4","id": "68a33723b8f5a748","size": 21,"hidden":false}, {"source": "a743b21eb1a20649","target": "64d101edddbe62e5","id": "0f0a92ffaa5f4159","size": 1,"hidden":false}, {"source": "bf33a6d664fe8677","target": "affc349b48683bab","id": "383621797337fd71","size": 9,"hidden":false}, {"source": "c3f5adf30c338b03","target": "19cf5025b2105647","id": "5cb26b4176dcc02c","size": 1,"hidden":false}, {"source": "ba45dc168c17707f","target": "1a0bfcdaf16f639d","id": "ea1fb7d9170e10e0","size": 13,"hidden":false}, {"source": "affc349b48683bab","target": "daf199f8bc711a1d","id": "68ebe1af02346c0f","size": 1,"hidden":false}, {"source": "a47ac26a3f843eae","target": "24017680d3389c53","id": "1e52f2f517d0adc8","size": 1,"hidden":false}, {"source": "5c2b2d53847a12e6","target": "fe5e89d1219ca520","id": "bf4cf914a213a8d3","size": 7,"hidden":false}, {"source": "fa060939f4f8d10b","target": "a66c7dbcfcef8b3e","id": "d37a20be73774862","size": 1,"hidden":false}, {"source": "ed785503eedaafa8","target": "ef8d20d0af8b709b","id": "d29c38274960171a","size": 1,"hidden":false}, {"source": "82a331441aad11ef","target": "d5a5eb6dd2f2563a","id": "a4c24d6343ee271f","size": 29,"hidden":false}, {"source": "e1542eebc7b4d984","target": "daf199f8bc711a1d","id": "501dfea0cae86c3f","size": 11,"hidden":false}, {"source": "e46cddd87b112646","target": "e46cddd87b112646","id": "a9ff2dc009a2ed48","size": 249,"hidden":false}, {"source": "fa060939f4f8d10b","target": "80520bb864c5db64","id": "4988d6268d39b626","size": 1,"hidden":false}, {"source": "c3f5adf30c338b03","target": "1d9d3e11ef955136","id": "55ed8f1f27963a05","size": 1,"hidden":false}, {"source": "ba45dc168c17707f","target": "e1542eebc7b4d984","id": "22c3443127741844","size": 1,"hidden":false}, {"source": "affc349b48683bab","target": "87a4e1db54c5af58","id": "66e8d29de70359c4","size": 1,"hidden":false}, {"source": "87a4e1db54c5af58","target": "82a331441aad11ef","id": "51ba30138dd81614","size": 1,"hidden":false}, {"source": "7e806bd231f56a2f","target": "c3f5adf30c338b03","id": "3bf72497c80564c0","size": 65,"hidden":false}, {"source": "daf199f8bc711a1d","target": "f98bc3fc4a28d599","id": "481c1569362492c1","size": 1,"hidden":false}, {"source": "3eb6e39e1693bf7c","target": "c0bdbf6137552da8","id": "40792dc06573c24d","size": 1,"hidden":false}, {"source": "6924edcbcf8a4726","target": "1a0bfcdaf16f639d","id": "10f619527dfafebf","size": 15,"hidden":false}, {"source": "64d101edddbe62e5","target": "fe5e89d1219ca520","id": "3d295211db9c1716","size": 1,"hidden":false}, {"source": "6435337cf187e2c9","target": "affc349b48683bab","id": "26fe878eb57f6803","size": 28,"hidden":false}, {"source": "e1542eebc7b4d984","target": "203295b4664eccff","id": "3a35f644bc18f51d","size": 1,"hidden":false}, {"source": "7e806bd231f56a2f","target": "cf53d6087edad6b6","id": "360b73107eb11e11","size": 1,"hidden":false}, {"source": "daf199f8bc711a1d","target": "3eb6e39e1693bf7c","id": "a7eb7e8b8e1523f5","size": 16,"hidden":false}, {"source": "daf199f8bc711a1d","target": "e1542eebc7b4d984","id": "27dc7ae5bc4b078d","size": 11,"hidden":false}, {"source": "f3ae3eaaf869127a","target": "f3ae3eaaf869127a","id": "5a1ee3de2b0fd7e6","size": 55,"hidden":false}, {"source": "87a4e1db54c5af58","target": "0dbf38d9104d879c","id": "108de8dfe4c9aa8a","size": 1,"hidden":false}, {"source": "13299e66a9b286e7","target": "fc937aadbe660eba","id": "50bfe6f90e510ef1","size": 1,"hidden":false}, {"source": "7e806bd231f56a2f","target": "1a0bfcdaf16f639d","id": "95c2f457a536a603","size": 11,"hidden":false}, {"source": "148f75d77f1d546b","target": "affc349b48683bab","id": "ab4077905217c4e6","size": 1,"hidden":false}, {"source": "a743b21eb1a20649","target": "daf199f8bc711a1d","id": "d784c5a19475ab2f","size": 12,"hidden":false}, {"source": "203295b4664eccff","target": "e1542eebc7b4d984","id": "83e47ffbbc1a5885","size": 1,"hidden":false}, {"source": "87a4e1db54c5af58","target": "6435337cf187e2c9","id": "41974beee07d70ca","size": 33,"hidden":false}, {"source": "f3ae3eaaf869127a","target": "6435337cf187e2c9","id": "c6a6adf7cff75d9d","size": 1,"hidden":false}, {"source": "affc349b48683bab","target": "590492c5b548a413","id": "dd2151679f38ffef","size": 1,"hidden":false}, {"source": "2a4c20686dc5c4c9","target": "edf50050b65c65a3","id": "33204d5e09a9cd05","size": 1,"hidden":false}, {"source": "e1542eebc7b4d984","target": "21a1e59ece77c13b","id": "179f0990989cd800","size": 1,"hidden":false}, {"source": "13299e66a9b286e7","target": "13299e66a9b286e7","id": "8c9d8371583d53cc","size": 33,"hidden":false}, {"source": "6435337cf187e2c9","target": "87a4e1db54c5af58","id": "31df4fbf8d9fe1dc","size": 33,"hidden":false}, {"source": "6924edcbcf8a4726","target": "b9f8b1d75b1686de","id": "1f4aad1902a7bf26","size": 1,"hidden":false}, {"source": "1a0bfcdaf16f639d","target": "095c578ac75c97f2","id": "c50fb68e9314df62","size": 1,"hidden":false}, {"source": "6924edcbcf8a4726","target": "5c2b2d53847a12e6","id": "1f624b7d0163280c","size": 8,"hidden":false}, {"source": "fa060939f4f8d10b","target": "daf199f8bc711a1d","id": "a1ecf4bac4edc61b","size": 30,"hidden":false}, {"source": "5c2b2d53847a12e6","target": "daf199f8bc711a1d","id": "1b5be8153577fa89","size": 26,"hidden":false}, {"source": "7e806bd231f56a2f","target": "6924edcbcf8a4726","id": "a49fb66650b47001","size": 15,"hidden":false}, {"source": "7e806bd231f56a2f","target": "25cc72e819363e2f","id": "1d72416c3ffe180f","size": 31,"hidden":false}, {"source": "3eb6e39e1693bf7c","target": "d5a5eb6dd2f2563a","id": "3f35c948c4fc8700","size": 15,"hidden":false}, {"source": "e46cddd87b112646","target": "affc349b48683bab","id": "cf32abc0f4ee1c1d","size": 16,"hidden":false}, {"source": "affc349b48683bab","target": "32e9281626293fa6","id": "656d7b547522a795","size": 1,"hidden":false}, {"source": "25cc72e819363e2f","target": "1d9d3e11ef955136","id": "b1403569d1552628","size": 1,"hidden":false}, {"source": "affc349b48683bab","target": "64d101edddbe62e5","id": "91d29a1577c9db3e","size": 1,"hidden":false}, {"source": "6924edcbcf8a4726","target": "affc349b48683bab","id": "285fb3db5ce73ef1","size": 43,"hidden":false}, {"source": "559592d7ff396748","target": "2afc6629a377eed5","id": "ff15ced4111ff57a","size": 19,"hidden":false}, {"source": "1a0bfcdaf16f639d","target": "13299e66a9b286e7","id": "cfb22309ae9298d2","size": 1,"hidden":false}, {"source": "affc349b48683bab","target": "82a331441aad11ef","id": "2667d0acfda9be2b","size": 1,"hidden":false}, {"source": "ad2ec69d24c7edc1","target": "ba45dc168c17707f","id": "88561e6d85fb2938","size": 7,"hidden":false}, {"source": "203295b4664eccff","target": "c3f5adf30c338b03","id": "4f21eb5013776159","size": 33,"hidden":false}, {"source": "e1542eebc7b4d984","target": "64d101edddbe62e5","id": "2801375cc123f42f","size": 1,"hidden":false}, {"source": "e1542eebc7b4d984","target": "82a331441aad11ef","id": "f7b9926532c1559c","size": 1,"hidden":false}, {"source": "daf199f8bc711a1d","target": "fe5e89d1219ca520","id": "5c3d265b07c0e8d8","size": 9,"hidden":false}, {"source": "25cc72e819363e2f","target": "807d8aa150f233f4","id": "e3bb68f90b202289","size": 1,"hidden":false}, {"source": "5c2b2d53847a12e6","target": "fc937aadbe660eba","id": "ebff5a3c1ace9ad6","size": 1,"hidden":false}, {"source": "2afc6629a377eed5","target": "2afc6629a377eed5","id": "5d2c261c95e780c0","size": 219,"hidden":false}, {"source": "affc349b48683bab","target": "110277253dc937c1","id": "31486904b060ac8f","size": 1,"hidden":false}, {"source": "fa060939f4f8d10b","target": "dccfea1aefaf654a","id": "8218fb7e8e9726a8","size": 1,"hidden":false}, {"source": "a743b21eb1a20649","target": "13299e66a9b286e7","id": "4d71ab9929aae72b","size": 27,"hidden":false}, {"source": "6924edcbcf8a4726","target": "a743b21eb1a20649","id": "43b9b65c29a05cc1","size": 1,"hidden":false}, {"source": "affc349b48683bab","target": "e46cddd87b112646","id": "b848638835670089","size": 1,"hidden":false}, {"source": "22a10b71b48485b4","target": "24017680d3389c53","id": "0118cbe70f870e44","size": 1,"hidden":false}, {"source": "affc349b48683bab","target": "3eb6e39e1693bf7c","id": "9452b8eb97ef0de2","size": 1,"hidden":false}, {"source": "affc349b48683bab","target": "c4d6ee426e70833f","id": "58ed291324f4b4e2","size": 1,"hidden":false}, {"source": "590492c5b548a413","target": "affc349b48683bab","id": "8ed46796466113d7","size": 9,"hidden":false}, {"source": "affc349b48683bab","target": "a1dc57f86b2b9be1","id": "b2a74f7b10e5a4b6","size": 1,"hidden":false}, {"source": "fe5e89d1219ca520","target": "1a0bfcdaf16f639d","id": "c4a5a5aff7db3abf","size": 1,"hidden":false}, {"source": "82a331441aad11ef","target": "ba45dc168c17707f","id": "62adf200ac2d21d7","size": 22,"hidden":false}, {"source": "fa060939f4f8d10b","target": "ed785503eedaafa8","id": "9f1af0ab95c12c7a","size": 8,"hidden":false}, {"source": "fa060939f4f8d10b","target": "0dbf38d9104d879c","id": "82099b013a7912cc","size": 1,"hidden":false}, {"source": "25cc72e819363e2f","target": "64d101edddbe62e5","id": "e5ab49cd5b41fd26","size": 1,"hidden":false}, {"source": "c3f5adf30c338b03","target": "80520bb864c5db64","id": "b316a69cde9d2de4","size": 1,"hidden":false}, {"source": "e46cddd87b112646","target": "7994c398dd8e1488","id": "cc18d9d3d8f98d22","size": 1,"hidden":false}, {"source": "cb4129a80ea4c5d3","target": "affc349b48683bab","id": "6efb84ffcf0fd847","size": 16,"hidden":false}, {"source": "7e806bd231f56a2f","target": "fc937aadbe660eba","id": "42a3328baa81fc27","size": 1,"hidden":false}, {"source": "a47ac26a3f843eae","target": "1a0bfcdaf16f639d","id": "bf172aa8dc9f2892","size": 9,"hidden":false}, {"source": "99c92eef81131cb8","target": "7a41eb061c4b9909","id": "aad8a091a12bab37","size": 20,"hidden":false}, {"source": "5873d7c9a6dc34d2","target": "affc349b48683bab","id": "70407cb2d3bf4015","size": 14,"hidden":false}, {"source": "3eb6e39e1693bf7c","target": "a5b009f340517a2f","id": "a893ab4aed87b877","size": 1,"hidden":false}, {"source": "f3ae3eaaf869127a","target": "affc349b48683bab","id": "c7d104ad0557cba6","size": 11,"hidden":false}, {"source": "095c578ac75c97f2","target": "1a0bfcdaf16f639d","id": "feef92f816402a07","size": 13,"hidden":false}, {"source": "7e806bd231f56a2f","target": "203295b4664eccff","id": "5bb469f7f0db8cbb","size": 9,"hidden":false}, {"source": "bf33a6d664fe8677","target": "3f535f1e74dfca09","id": "f685f9bc899209ec","size": 1,"hidden":false}, {"source": "e46cddd87b112646","target": "a5b009f340517a2f","id": "20ce4c48620ccfe4","size": 1,"hidden":false}, {"source": "7a41eb061c4b9909","target": "99c92eef81131cb8","id": "b3f9357d6ce3b02c","size": 20,"hidden":false}, {"source": "25cc72e819363e2f","target": "e1542eebc7b4d984","id": "54aa097c4185c82f","size": 9,"hidden":false}, {"source": "1a0bfcdaf16f639d","target": "fa060939f4f8d10b","id": "019d725b986c2ed8","size": 1,"hidden":false}, {"source": "a743b21eb1a20649","target": "a743b21eb1a20649","id": "effa2891b9ed8b56","size": 65,"hidden":false}, {"source": "fdfbc87e89fabbef","target": "095938914d9d8cf3","id": "9dc22e9f28408569","size": 226,"hidden":false}, {"source": "1a0bfcdaf16f639d","target": "fe5e89d1219ca520","id": "fbd0d0586cf8e75d","size": 1,"hidden":false}, {"source": "a743b21eb1a20649","target": "3d0cb9679da2d4a1","id": "268ede30ba950bcb","size": 1,"hidden":false}, {"source": "9f51bec5ac9ba677","target": "6924edcbcf8a4726","id": "301fdea1d46ac560","size": 1,"hidden":false}, {"source": "dc30d7c56b974cbd","target": "6924edcbcf8a4726","id": "b6f67422473da59c","size": 1,"hidden":false}, {"source": "e46cddd87b112646","target": "0b56895c279355d1","id": "e9b15ee8940da003","size": 1,"hidden":false}, {"source": "3eb6e39e1693bf7c","target": "b9f8b1d75b1686de","id": "6bfb3b13f26eaef6","size": 1,"hidden":false}, {"source": "ba45dc168c17707f","target": "ad2ec69d24c7edc1","id": "d6f292b72d3f6dbe","size": 7,"hidden":false}, {"source": "6924edcbcf8a4726","target": "13299e66a9b286e7","id": "939d63e53dafe884","size": 9,"hidden":false}, {"source": "1a0bfcdaf16f639d","target": "affc349b48683bab","id": "a2c850b90b6d1c82","size": 34,"hidden":false}, {"source": "6924edcbcf8a4726","target": "6924edcbcf8a4726","id": "5d33c5ee8c91aed0","size": 108,"hidden":false}, {"source": "ba45dc168c17707f","target": "ba45dc168c17707f","id": "f27569cf184922ed","size": 48,"hidden":false}, {"source": "c3f5adf30c338b03","target": "7e806bd231f56a2f","id": "d76c2622b9f538c2","size": 65,"hidden":false}, {"source": "e1542eebc7b4d984","target": "dccfea1aefaf654a","id": "72110a9ac83cc6e0","size": 1,"hidden":false}, {"source": "affc349b48683bab","target": "affc349b48683bab","id": "06ae26df16a16565","size": 130,"hidden":false}, {"source": "f3ae3eaaf869127a","target": "e1542eebc7b4d984","id": "723b0b6cde1c5677","size": 1,"hidden":false}, {"source": "5c2b2d53847a12e6","target": "e5ceeb0dd51ff608","id": "0420f233fc655a41","size": 1,"hidden":false}, {"source": "115b80ebd3f2c369","target": "affc349b48683bab","id": "c15d5933d6d4b11b","size": 8,"hidden":false}, {"source": "fe5e89d1219ca520","target": "64d101edddbe62e5","id": "1dbe6f7318e95ae8","size": 1,"hidden":false}, {"source": "99c92eef81131cb8","target": "1a0bfcdaf16f639d","id": "9f4ccd1b4013f7ee","size": 16,"hidden":false}, {"source": "9f51bec5ac9ba677","target": "affc349b48683bab","id": "64d9750e6ca632b4","size": 1,"hidden":false}, {"source": "c4d6ee426e70833f","target": "affc349b48683bab","id": "46c44f52c86f4326","size": 1,"hidden":false}, {"source": "daf199f8bc711a1d","target": "daf199f8bc711a1d","id": "ef6506fda8e659b8","size": 84,"hidden":false}, {"source": "ef8d20d0af8b709b","target": "fa060939f4f8d10b","id": "ceecd21af002fc47","size": 1,"hidden":false}, {"source": "e46cddd87b112646","target": "c0bdbf6137552da8","id": "663146c32b64e8b6","size": 1,"hidden":false}, {"source": "daf199f8bc711a1d","target": "a743b21eb1a20649","id": "bf30af036086e70e","size": 12,"hidden":false}, {"source": "6924edcbcf8a4726","target": "bb61f52224432aee","id": "33b468316656e908","size": 1,"hidden":false}, {"source": "1a0bfcdaf16f639d","target": "dc30d7c56b974cbd","id": "87f81a25d7bfbb99","size": 1,"hidden":false}, {"source": "daf199f8bc711a1d","target": "6924edcbcf8a4726","id": "c9426957426ac10f","size": 8,"hidden":false}, {"source": "5c2b2d53847a12e6","target": "cf53d6087edad6b6","id": "0b5e235841c67d81","size": 1,"hidden":false}, {"source": "6924edcbcf8a4726","target": "095c578ac75c97f2","id": "af009606dd6f9c0c","size": 1,"hidden":false}, {"source": "a743b21eb1a20649","target": "6924edcbcf8a4726","id": "345d60449ff262ac","size": 1,"hidden":false}, {"source": "203295b4664eccff","target": "7e806bd231f56a2f","id": "ec790dd5f37faeaa","size": 17,"hidden":false}, {"source": "82a331441aad11ef","target": "ad2ec69d24c7edc1","id": "78ebfd768341556d","size": 1,"hidden":false}, {"source": "affc349b48683bab","target": "28b9a50da681510a","id": "9c2f4ae1ee640a0f","size": 1,"hidden":false}, {"source": "affc349b48683bab","target": "75141abc3618d051","id": "2e62f2c790e15106","size": 1,"hidden":false}, {"source": "daf199f8bc711a1d","target": "affc349b48683bab","id": "7cb2b0461f4ec8d2","size": 10,"hidden":false}, {"source": "5d7f6f4dbee7a91f","target": "7a41eb061c4b9909","id": "964e36ae3dcb5384","size": 1,"hidden":false}, {"source": "7a41eb061c4b9909","target": "1a0bfcdaf16f639d","id": "92a07d720fca2240","size": 42,"hidden":false}, {"source": "6924edcbcf8a4726","target": "cf53d6087edad6b6","id": "0a2313bd40ab3961","size": 1,"hidden":false}, {"source": "d5a5eb6dd2f2563a","target": "931f556572bf1c15","id": "427f7e1fd7836ea6","size": 1,"hidden":false}, {"source": "c3f5adf30c338b03","target": "c3f5adf30c338b03","id": "3a67a527110de848","size": 29,"hidden":false}, {"source": "110277253dc937c1","target": "affc349b48683bab","id": "db8c747f2e6452a9","size": 13,"hidden":false}, {"source": "2a4c20686dc5c4c9","target": "2a4c20686dc5c4c9","id": "518d7529cddfd728","size": 36,"hidden":false}, {"source": "32e9281626293fa6","target": "32e9281626293fa6","id": "1bead58966a66a05","size": 18,"hidden":false}, {"source": "82a331441aad11ef","target": "87a4e1db54c5af58","id": "e9256ae89f61fc37","size": 1,"hidden":false}, {"source": "095c578ac75c97f2","target": "6924edcbcf8a4726","id": "15fc01c84bbbd6e2","size": 1,"hidden":false}, {"source": "fa060939f4f8d10b","target": "82a331441aad11ef","id": "1079fa958c96ad0d","size": 9,"hidden":false}, {"source": "1a0bfcdaf16f639d","target": "9f51bec5ac9ba677","id": "81558a41c933c05f","size": 1,"hidden":false}, {"source": "c3f5adf30c338b03","target": "6c7d57d189556e5a","id": "c98b8cf5683364a2","size": 1,"hidden":false}, {"source": "ea8f6cc253fde117","target": "1a0bfcdaf16f639d","id": "beb110384fa32647","size": 1,"hidden":false}, {"source": "25cc72e819363e2f","target": "80520bb864c5db64","id": "7895bd8bf9bc6fcd","size": 1,"hidden":false}, {"source": "e1542eebc7b4d984","target": "ba45dc168c17707f","id": "b0210bcfbecc0a4a","size": 1,"hidden":false}, {"source": "e46cddd87b112646","target": "3f535f1e74dfca09","id": "85df74a6354d4b63","size": 1,"hidden":false}, {"source": "affc349b48683bab","target": "f3ae3eaaf869127a","id": "6276774c1772e6dc","size": 1,"hidden":false}, {"source": "affc349b48683bab","target": "fe5e89d1219ca520","id": "97ef7119fe266eeb","size": 1,"hidden":false}, {"source": "fa060939f4f8d10b","target": "30e7d454894480fd","id": "7543a5436a255cb1","size": 1,"hidden":false}, {"source": "6435337cf187e2c9","target": "6924edcbcf8a4726","id": "91c79d3a1b1113f9","size": 7,"hidden":false}, {"source": "1a0bfcdaf16f639d","target": "095938914d9d8cf3","id": "76c7dfcf20d39fe5","size": 1,"hidden":false}, {"source": "99c92eef81131cb8","target": "ed785503eedaafa8","id": "bc6bb311bd788743","size": 10,"hidden":false}, {"source": "affc349b48683bab","target": "115b80ebd3f2c369","id": "8fcb6a808847e357","size": 1,"hidden":false}, {"source": "d5a5eb6dd2f2563a","target": "82a331441aad11ef","id": "71e2d6ecf5da5930","size": 29,"hidden":false}, {"source": "5873d7c9a6dc34d2","target": "5873d7c9a6dc34d2","id": "a54898a39ee0d201","size": 88,"hidden":false}, {"source": "6924edcbcf8a4726","target": "dc30d7c56b974cbd","id": "70aa5c52d53aab32","size": 1,"hidden":false}, {"source": "affc349b48683bab","target": "fa060939f4f8d10b","id": "35c37f09ad30188d","size": 1,"hidden":false}, {"source": "c3f5adf30c338b03","target": "76ed8f421971c8ec","id": "b3ce46baef4d3c23","size": 1,"hidden":false}, {"source": "2a4c20686dc5c4c9","target": "3eb6e39e1693bf7c","id": "097c5eaa88e5507d","size": 58,"hidden":false}, {"source": "095938914d9d8cf3","target": "fdfbc87e89fabbef","id": "3e3931e7c8bb0ffa","size": 226,"hidden":false}, {"source": "ad2ec69d24c7edc1","target": "82a331441aad11ef","id": "3f967cd5130b3284","size": 1,"hidden":false}, {"source": "daf199f8bc711a1d","target": "5c2b2d53847a12e6","id": "d5b96d17eedda592","size": 26,"hidden":false}, {"source": "ba45dc168c17707f","target": "fc937aadbe660eba","id": "2dda6ba965f90355","size": 1,"hidden":false}, {"source": "5c2b2d53847a12e6","target": "affc349b48683bab","id": "850c149d322e18c6","size": 21,"hidden":false}, {"source": "1a0bfcdaf16f639d","target": "99c92eef81131cb8","id": "eedbb62e787fbb2a","size": 1,"hidden":false}, {"source": "590492c5b548a413","target": "590492c5b548a413","id": "ce06f91439fe725e","size": 18,"hidden":false}, {"source": "2a6b521fa19ee5e8","target": "22a10b71b48485b4","id": "315063b9df3d4326","size": 88,"hidden":false}, {"source": "affc349b48683bab","target": "57b1b8d723b0838f","id": "8e0842d80e111a50","size": 1,"hidden":false}, {"source": "095938914d9d8cf3","target": "1a0bfcdaf16f639d","id": "9696a93583a79fbc","size": 14,"hidden":false}, {"source": "1a0bfcdaf16f639d","target": "ef8d20d0af8b709b","id": "33df7404eb58985e","size": 1,"hidden":false}, {"source": "6924edcbcf8a4726","target": "daf199f8bc711a1d","id": "cbcad614763e37bf","size": 8,"hidden":false}, {"source": "115b80ebd3f2c369","target": "21a1e59ece77c13b","id": "ce30330a75d1bcfa","size": 1,"hidden":false}, {"source": "7e806bd231f56a2f","target": "7e806bd231f56a2f","id": "e27ed24854f8037f","size": 59,"hidden":false}, {"source": "5c2b2d53847a12e6","target": "f96a9cd169cf450d","id": "0958912d3ef5c7f8","size": 1,"hidden":false}, {"source": "ed785503eedaafa8","target": "1a0bfcdaf16f639d","id": "9ef85018391b5590","size": 12,"hidden":false}, {"source": "1a0bfcdaf16f639d","target": "a47ac26a3f843eae","id": "be7fe92b12f2f716","size": 1,"hidden":false}, {"source": "e1542eebc7b4d984","target": "807d8aa150f233f4","id": "19799ce16af1d7c6","size": 1,"hidden":false}, {"source": "ad2ec69d24c7edc1","target": "affc349b48683bab","id": "7912336302856d53","size": 1,"hidden":false}, {"source": "1a0bfcdaf16f639d","target": "2a6b521fa19ee5e8","id": "7124e6ef2e49cde0","size": 1,"hidden":false}, {"source": "87a4e1db54c5af58","target": "f98bc3fc4a28d599","id": "9707ebd30e0c86c2","size": 1,"hidden":false}, {"source": "32e9281626293fa6","target": "affc349b48683bab","id": "071edf0038f31b4a","size": 9,"hidden":false}, {"source": "64d101edddbe62e5","target": "1a0bfcdaf16f639d","id": "79118db4123be84f","size": 1,"hidden":false}, {"source": "2a6b521fa19ee5e8","target": "1a0bfcdaf16f639d","id": "b605331194078a44","size": 33,"hidden":false}, {"source": "22a10b71b48485b4","target": "2a6b521fa19ee5e8","id": "8f72fb4fdfd65f93","size": 88,"hidden":false}, {"source": "1a0bfcdaf16f639d","target": "22a10b71b48485b4","id": "166c1b6602b0c179","size": 1,"hidden":false}, {"source": "87a4e1db54c5af58","target": "807d8aa150f233f4","id": "1e29eb7b66532ce9","size": 1,"hidden":false}, {"source": "ef8d20d0af8b709b","target": "ed785503eedaafa8","id": "f43e3016378873a6","size": 1,"hidden":false}, {"source": "affc349b48683bab","target": "5c2b2d53847a12e6","id": "9e1e5c1708ead2e5","size": 1,"hidden":false}, {"source": "9f51bec5ac9ba677","target": "1a0bfcdaf16f639d","id": "e7eff17217066f44","size": 1,"hidden":false}, {"source": "1a0bfcdaf16f639d","target": "ed785503eedaafa8","id": "dd22f4ee0fad4850","size": 1,"hidden":false}, {"source": "dc30d7c56b974cbd","target": "1a0bfcdaf16f639d","id": "f27de63a280be678","size": 1,"hidden":false}, {"source": "6924edcbcf8a4726","target": "64d101edddbe62e5","id": "742dbb531d66b516","size": 1,"hidden":false}, {"source": "fa060939f4f8d10b","target": "87a4e1db54c5af58","id": "7f5ae5f38cb48124","size": 7,"hidden":false}, {"source": "1a0bfcdaf16f639d","target": "6f469a884acbf92a","id": "8dc92de9d780f0bd","size": 1,"hidden":false}, {"source": "c09850c1b14b9de7","target": "affc349b48683bab","id": "fd0a21863e44d65a","size": 1,"hidden":false}, {"source": "30455db80ce17a2a","target": "1a0bfcdaf16f639d","id": "e26c79ed2510423f","size": 60,"hidden":false}, {"source": "c3f5adf30c338b03","target": "203295b4664eccff","id": "804b4720c5f53824","size": 17,"hidden":false}, {"source": "25cc72e819363e2f","target": "b9eb16987ad4fb89","id": "427cdc5ac8c051a5","size": 1,"hidden":false}, {"source": "1a0bfcdaf16f639d","target": "ea8f6cc253fde117","id": "bf3f5061be2dcd75","size": 1,"hidden":false}, {"source": "ad2ec69d24c7edc1","target": "5c2b2d53847a12e6","id": "324814a5e6a57c00","size": 1,"hidden":false}, {"source": "25cc72e819363e2f","target": "cf53d6087edad6b6","id": "ccae9229f85b11c5","size": 1,"hidden":false}, {"source": "5c2b2d53847a12e6","target": "6924edcbcf8a4726","id": "b861cd79b064e561","size": 8,"hidden":false}, {"source": "559592d7ff396748","target": "1a0bfcdaf16f639d","id": "299e8cb441736631","size": 8,"hidden":false}, {"source": "115b80ebd3f2c369","target": "115b80ebd3f2c369","id": "24fd4a95850a2a6f","size": 179,"hidden":false}, {"source": "affc349b48683bab","target": "a1d957991d760763","id": "22e84a22397fc50d","size": 1,"hidden":false}, {"source": "5c2b2d53847a12e6","target": "30e7d454894480fd","id": "d95bc491ca5a1a8a","size": 1,"hidden":false}, {"source": "6924edcbcf8a4726","target": "6c7d57d189556e5a","id": "ac1c6c99ade9982d","size": 1,"hidden":false}, {"source": "22a10b71b48485b4","target": "1a0bfcdaf16f639d","id": "362d2814ab3794ff","size": 12,"hidden":false}, {"source": "5c2b2d53847a12e6","target": "ad2ec69d24c7edc1","id": "89ccad07a1285382","size": 1,"hidden":false}, {"source": "6924edcbcf8a4726","target": "fc937aadbe660eba","id": "adc6711d6f269a6d","size": 1,"hidden":false}, {"source": "affc349b48683bab","target": "148f75d77f1d546b","id": "19c5ff4163a4449a","size": 1,"hidden":false}, {"source": "ba45dc168c17707f","target": "82a331441aad11ef","id": "597b58ca2fadbf3b","size": 22,"hidden":false}, {"source": "6924edcbcf8a4726","target": "6435337cf187e2c9","id": "e7e314d7a2037ce0","size": 7,"hidden":false}, {"source": "c0b95f91318c731d","target": "203295b4664eccff","id": "b184c039e673358d","size": 98,"hidden":false}, {"source": "d5a5eb6dd2f2563a","target": "7f09ed74085f51d8","id": "377e0cba0a755be2","size": 1,"hidden":false}, {"source": "7994c398dd8e1488","target": "e46cddd87b112646","id": "1737d8a9bf8c6ee2","size": 1,"hidden":false}, {"source": "e1542eebc7b4d984","target": "820c6bf84091ebe1","id": "878819bbf8da1cde","size": 1,"hidden":false}, {"source": "daf199f8bc711a1d","target": "fa060939f4f8d10b","id": "30b4827e473aab32","size": 30,"hidden":false}, {"source": "6435337cf187e2c9","target": "f3ae3eaaf869127a","id": "7041b7f4ea87a906","size": 1,"hidden":false}, {"source": "3eb6e39e1693bf7c","target": "820c6bf84091ebe1","id": "e8c797ab14a7eb88","size": 1,"hidden":false}, {"source": "daf199f8bc711a1d","target": "b9eb16987ad4fb89","id": "cc9b1945c376bc57","size": 1,"hidden":false}, {"source": "e1542eebc7b4d984","target": "25cc72e819363e2f","id": "2a351031fc121318","size": 9,"hidden":false}, {"source": "203295b4664eccff","target": "203295b4664eccff","id": "8ac1736c986a5e6a","size": 196,"hidden":false}, {"source": "ef8d20d0af8b709b","target": "1a0bfcdaf16f639d","id": "ea75b6005f50735f","size": 1,"hidden":false}, {"source": "25cc72e819363e2f","target": "3d0cb9679da2d4a1","id": "37a09e1395b5dc01","size": 1,"hidden":false}, {"source": "ed785503eedaafa8","target": "7a41eb061c4b9909","id": "9db94570e4ff8b48","size": 9,"hidden":false}, {"source": "2afc6629a377eed5","target": "1a0bfcdaf16f639d","id": "45789eb0d42a4988","size": 10,"hidden":false}, {"source": "affc349b48683bab","target": "926b59b792835a8f","id": "2798a128514e88cb","size": 1,"hidden":false}, {"source": "1a0bfcdaf16f639d","target": "6924edcbcf8a4726","id": "296802401029a5c4","size": 1,"hidden":false}, {"source": "fa060939f4f8d10b","target": "ef8d20d0af8b709b","id": "1a7fe450b5364db4","size": 1,"hidden":false}, {"source": "13299e66a9b286e7","target": "a743b21eb1a20649","id": "6dccf5d71a9fd34a","size": 27,"hidden":false}, {"source": "87a4e1db54c5af58","target": "b9f8b1d75b1686de","id": "49100c0a2491930e","size": 1,"hidden":false}, {"source": "25cc72e819363e2f","target": "30e7d454894480fd","id": "a97187ccbdff4235","size": 1,"hidden":false}, {"source": "e1542eebc7b4d984","target": "3eb6e39e1693bf7c","id": "08fd0c1f0c9aa602","size": 33,"hidden":false}, {"source": "87a4e1db54c5af58","target": "5c2b2d53847a12e6","id": "bbee5ac2008ec7c5","size": 21,"hidden":false}, {"source": "3eb6e39e1693bf7c","target": "dccfea1aefaf654a","id": "9429fab03a60fe00","size": 1,"hidden":false}, {"source": "1a0bfcdaf16f639d","target": "25cc72e819363e2f","id": "c81c53098dd50f84","size": 1,"hidden":false}, {"source": "1a0bfcdaf16f639d","target": "22f4dfb8a04840a4","id": "bdf63a5ce3fb8d2b","size": 1,"hidden":false}, {"source": "c3f5adf30c338b03","target": "9f51bec5ac9ba677","id": "9e4994300da3903e","size": 1,"hidden":false}, {"source": "203295b4664eccff","target": "c0b95f91318c731d","id": "4b67647ac4609923","size": 144,"hidden":false}, {"source": "25cc72e819363e2f","target": "0b56895c279355d1","id": "810cdaba9b65c5d1","size": 1,"hidden":false}, {"source": "affc349b48683bab","target": "a743b21eb1a20649","id": "11f458d6e923841d","size": 1,"hidden":false}, {"source": "3eb6e39e1693bf7c","target": "2a4c20686dc5c4c9","id": "5e77e1615cbc9fe0","size": 58,"hidden":false}, {"source": "e1542eebc7b4d984","target": "cf53d6087edad6b6","id": "30f10b0a9d10f2fe","size": 1,"hidden":false}, {"source": "fa060939f4f8d10b","target": "affc349b48683bab","id": "bc4c648b9fc5815d","size": 13,"hidden":false}, {"source": "82a331441aad11ef","target": "b9f8b1d75b1686de","id": "5094fc2d0f3d9248","size": 1,"hidden":false}, {"source": "926b59b792835a8f","target": "affc349b48683bab","id": "e0a5270625cb0e5e","size": 1,"hidden":false}, {"source": "64d101edddbe62e5","target": "a743b21eb1a20649","id": "5d4904ca45e090ed","size": 1,"hidden":false}, {"source": "13299e66a9b286e7","target": "1a0bfcdaf16f639d","id": "0da082229f8ac308","size": 1,"hidden":false}, {"source": "25cc72e819363e2f","target": "1a0bfcdaf16f639d","id": "1ab27119d9b9c10d","size": 20,"hidden":false}, {"source": "13299e66a9b286e7","target": "5c2b2d53847a12e6","id": "fde527071b9a142a","size": 17,"hidden":false}, {"source": "5c2b2d53847a12e6","target": "5c2b2d53847a12e6","id": "7cb2fd84931a21cd","size": 137,"hidden":false}, {"source": "57b1b8d723b0838f","target": "affc349b48683bab","id": "8739e4586adf2c3c","size": 1,"hidden":false}, {"source": "affc349b48683bab","target": "1a0bfcdaf16f639d","id": "92dc4e6c40229109","size": 34,"hidden":false}, {"source": "99c92eef81131cb8","target": "affc349b48683bab","id": "c2e59c6112bd88fe","size": 1,"hidden":false}, {"source": "64d101edddbe62e5","target": "25cc72e819363e2f","id": "be5b69894880ef67","size": 1,"hidden":false}, {"source": "30800e8ac8203455","target": "affc349b48683bab","id": "20a5f2997047fb29","size": 1,"hidden":false}, {"source": "1a0bfcdaf16f639d","target": "5c2b2d53847a12e6","id": "9fd66e59b3efb073","size": 1,"hidden":false}, {"source": "6924edcbcf8a4726","target": "7e806bd231f56a2f","id": "be3574c9832aa7cb","size": 15,"hidden":false}, {"source": "6435337cf187e2c9","target": "720785ab379ea616","id": "77697009c23c32ed","size": 1,"hidden":false}, {"source": "a743b21eb1a20649","target": "affc349b48683bab","id": "e548751ea676eb4f","size": 28,"hidden":false}, {"source": "e1542eebc7b4d984","target": "ad2ec69d24c7edc1","id": "e414e279f94fd817","size": 9,"hidden":false}, {"source": "affc349b48683bab","target": "e1542eebc7b4d984","id": "dfff6b9f18555425","size": 1,"hidden":false}, {"source": "fa060939f4f8d10b","target": "fa060939f4f8d10b","id": "52e8e0c108fef647","size": 179,"hidden":false}, {"source": "87a4e1db54c5af58","target": "affc349b48683bab","id": "7eb2f939923705d0","size": 15,"hidden":false}, {"source": "25cc72e819363e2f","target": "020c0367530bc947","id": "c8b90fce90c19fad","size": 1,"hidden":false}, {"source": "affc349b48683bab","target": "6924edcbcf8a4726","id": "17a2d8630fb6c0f4","size": 1,"hidden":false}, {"source": "7e806bd231f56a2f","target": "19cf5025b2105647","id": "9f2b5fad61b28987","size": 1,"hidden":false}, {"source": "e1542eebc7b4d984","target": "30e7d454894480fd","id": "0d610b002d834f2f","size": 1,"hidden":false}, {"source": "3eb6e39e1693bf7c","target": "e1542eebc7b4d984","id": "efbdf1cb24b3400f","size": 33,"hidden":false}, {"source": "affc349b48683bab","target": "2a4c20686dc5c4c9","id": "eb09482f32a96570","size": 1,"hidden":false}, {"source": "2afc6629a377eed5","target": "559592d7ff396748","id": "9bcae5d85c6cf1c4","size": 19,"hidden":false}, {"source": "7e806bd231f56a2f","target": "1d9d3e11ef955136","id": "dd9dc83bde70658e","size": 1,"hidden":false}, {"source": "affc349b48683bab","target": "ad2ec69d24c7edc1","id": "abb5dd23bb5175b1","size": 1,"hidden":false}, {"source": "9f51bec5ac9ba677","target": "c3f5adf30c338b03","id": "2429dcea6c9ac4b3","size": 1,"hidden":false}, {"source": "6435337cf187e2c9","target": "0dbf38d9104d879c","id": "8c8ce4f0dcba6873","size": 1,"hidden":false}, {"source": "3eb6e39e1693bf7c","target": "931f556572bf1c15","id": "62d2e7f46ac764e6","size": 1,"hidden":false}, {"source": "e1542eebc7b4d984","target": "f98bc3fc4a28d599","id": "ae84be8294626b91","size": 1,"hidden":false}, {"source": "1a0bfcdaf16f639d","target": "559592d7ff396748","id": "4e487e7ade4e7950","size": 1,"hidden":false}, {"source": "64d101edddbe62e5","target": "5c2b2d53847a12e6","id": "532d219c2841ca97","size": 1,"hidden":false}, {"source": "affc349b48683bab","target": "bf33a6d664fe8677","id": "b8b529b3015a60e3","size": 1,"hidden":false}, {"source": "82a331441aad11ef","target": "affc349b48683bab","id": "972a92ee955d3cc7","size": 16,"hidden":false}, {"source": "7e806bd231f56a2f","target": "a66c7dbcfcef8b3e","id": "608eb84386500e99","size": 1,"hidden":false}, {"source": "affc349b48683bab","target": "30800e8ac8203455","id": "2e06cf103db63a88","size": 1,"hidden":false}, {"source": "f3ae3eaaf869127a","target": "fa060939f4f8d10b","id": "78c38b8b90b9fd49","size": 7,"hidden":false}, {"source": "e1542eebc7b4d984","target": "0b56895c279355d1","id": "53ef8b27539f0f4c","size": 1,"hidden":false}],"nodes":[ {"type": "equilateral","name": "","phone": "18764175271","id": "30455db80ce17a2a","x": 1591,"y": 670,"color": "#8BC34A","size": 7,"rank": 5,"hidden": false,"classname": "涉毒","grade": 1,"pid": "15649898033479","topk": 11,"topk_value": 0.8736872691127232}, {"type": "circle","name": "","phone": "18506413343","id": "30e7d454894480fd","x": 772,"y": 1281,"color": "#E25D68","size": 6,"rank": 5,"hidden": false,"classname": "涉毒","grade": 2,"pid": "15649898033479","topk": 39,"topk_value": 0.909413865029055}, {"type": "equilateral","name": "","phone": "17515317793","id": "32e9281626293fa6","x": 1230,"y": 1446,"color": "#E25D68","size": 7,"rank": 5,"hidden": false,"classname": "涉毒","grade": 1,"pid": "15649898033479","topk": 34,"topk_value": 0.9327670967709015}, {"type": "circle","name": "董涛","phone": "18653359488","id": "720785ab379ea616","x": 860,"y": 419,"color": "#E25D68","size": 6,"rank": 5,"hidden": false,"classname": "涉毒","grade": 2,"pid": "15649898033479","topk": 58,"topk_value": 0.8855545328092039}, {"type": "equilateral","name": "","phone": "13618719722","id": "a1dc57f86b2b9be1","x": 1394,"y": 1276,"color": "#E25D68","size": 5,"rank": 5,"hidden": false,"classname": "涉毒","grade": 1,"pid": "15649898033479","topk": 77,"topk_value": 0.862828421006981}, {"type": "equilateral","name": "","phone": "13161644931","id": "c4d6ee426e70833f","x": 1317,"y": 1361,"color": "#E25D68","size": 5,"rank": 5,"hidden": false,"classname": "涉毒","grade": 1,"pid": "15649898033479","topk": 83,"topk_value": 0.862828421006981}, {"type": "equilateral","name": "宋晶晶","phone": "13688617787","id": "3eb6e39e1693bf7c","x": 973,"y": 751,"color": "#E25D68","size": 10,"rank": 5,"hidden": false,"classname": "涉毒","grade": 1,"pid": "15649898033479","topk": 6,"topk_value": 1.2971453878549697}, {"type": "equilateral","name": "万克峰","phone": "13261895888","id": "57b1b8d723b0838f","x": 880,"y": 1485,"color": "#E25D68","size": 4,"rank": 5,"hidden": false,"classname": "涉毒","grade": 1,"pid": "15649898033479","topk": 84,"topk_value": 0.862828421006981}, {"type": "circle","name": "汪达成","phone": "18615218393","id": "1d9d3e11ef955136","x": 408,"y": 1422,"color": "#E25D68","size": 5,"rank": 5,"hidden": false,"classname": "涉毒","grade": 2,"pid": "15649898033479","topk": 45,"topk_value": 0.896171562230671}, {"type": "circle","name": "苏仁毅","phone": "15066673329","id": "21a1e59ece77c13b","x": 1363,"y": 1460,"color": "#E25D68","size": 5,"rank": 5,"hidden": false,"classname": "涉毒","grade": 2,"pid": "15649898033479","topk": 42,"topk_value": 0.8988728774264108}, {"type": "circle","name": "张斌","phone": "18678878010","id": "a66c7dbcfcef8b3e","x": 382,"y": 845,"color": "#E25D68","size": 7,"rank": 5,"hidden": false,"classname": "涉毒","grade": 2,"pid": "15649898033479","topk": 62,"topk_value": 0.8790098582366889}, {"type": "equilateral","name": "赵凯","phone": "15665888024","id": "6924edcbcf8a4726","x": 797,"y": 1156,"color": "#E25D68","size": 10,"rank": 5,"hidden": false,"classname": "涉毒","grade": 1,"pid": "15649898033479","topk": 2,"topk_value": 1.6706401002547546}, {"type": "equilateral","name": "宋文强","phone": "15666775155","id": "5873d7c9a6dc34d2","x": 1277,"y": 1193,"color": "#E25D68","size": 10,"rank": 5,"hidden": false,"classname": "涉毒","grade": 1,"pid": "15649898033479","topk": 29,"topk_value": 0.9350732010029403}, {"type": "circle","name": "铜板","phone": "15165070869","id": "e5ceeb0dd51ff608","x": 481,"y": 754,"color": "#E25D68","size": 5,"rank": 5,"hidden": false,"classname": "涉毒","grade": 2,"pid": "15649898033479","topk": 47,"topk_value": 0.8933820127830503}, {"type": "equilateral","name": "刘玲","phone": "18054613383","id": "6f469a884acbf92a","x": 1539,"y": 558,"color": "#8BC34A","size": 4,"rank": 5,"hidden": false,"classname": "涉毒","grade": 1,"pid": "15649898033479","topk": 12,"topk_value": 0.8736872691127232}, {"type": "equilateral","name": "崔卫波","phone": "15505311711","id": "e46cddd87b112646","x": 865,"y": 667,"color": "#E25D68","size": 10,"rank": 5,"hidden": false,"classname": "涉毒","grade": 1,"pid": "15649898033479","topk": 7,"topk_value": 1.2638824922829641}, {"type": "circle","name": "曹少宁","phone": "18660428005","id": "dccfea1aefaf654a","x": 1184,"y": 1048,"color": "#E25D68","size": 7,"rank": 5,"hidden": false,"classname": "涉毒","grade": 2,"pid": "15649898033479","topk": 53,"topk_value": 0.8884277353707417}, {"type": "circle","name": "董新","phone": "15069075547","id": "8d25b715987d6eac","x": 1301,"y": 1075,"color": "#E25D68","size": 5,"rank": 5,"hidden": false,"classname": "涉毒","grade": 2,"pid": "15649898033479","topk": 63,"topk_value": 0.8772141986106256}, {"type": "circle","name": "付忠贺","phone": "13153101920","id": "76ed8f421971c8ec","x": 576,"y": 1601,"color": "#E25D68","size": 4,"rank": 5,"hidden": false,"classname": "涉毒","grade": 2,"pid": "15649898033479","topk": 65,"topk_value": 0.8766478327502207}, {"type": "circle","name": "刘杨","phone": "15969706009","id": "3f535f1e74dfca09","x": 505,"y": 433,"color": "#E25D68","size": 4,"rank": 5,"hidden": false,"classname": "涉毒","grade": 2,"pid": "15649898033479","topk": 27,"topk_value": 0.9410349578608135}, {"type": "equilateral","name": "田金可","phone": "18518603589","id": "539433621f8afc86","x": 1410,"y": 1075,"color": "#E25D68","size": 5,"rank": 5,"hidden": false,"classname": "涉毒","grade": 1,"pid": "15649898033479","topk": 71,"topk_value": 0.862828421006981}, {"type": "equilateral","name": "尹文婷","phone": "15665806205","id": "82a331441aad11ef","x": 1081,"y": 953,"color": "#E25D68","size": 10,"rank": 5,"hidden": false,"classname": "涉毒","grade": 1,"pid": "15649898033479","topk": 13,"topk_value": 1.0981182953170303}, {"type": "equilateral","name": "","phone": "17685408903","id": "22f4dfb8a04840a4","x": 1094,"y": 423,"color": "#8BC34A","size": 10,"rank": 5,"hidden": false,"classname": "涉毒","grade": 1,"pid": "15649898033479","topk": 5,"topk_value": 0.9444989224679129}, {"type": "equilateral","name": "","phone": "18366181626","id": "095c578ac75c97f2","x": 895,"y": 822,"color": "#E25D68","size": 6,"rank": 5,"hidden": false,"classname": "涉毒","grade": 1,"pid": "15649898033479","topk": 87,"topk_value": 0.8613799620927306}, {"type": "equilateral","name": "马垒","phone": "18678586655","id": "dc30d7c56b974cbd","x": 1116,"y": 1222,"color": "#E25D68","size": 6,"rank": 5,"hidden": false,"classname": "涉毒","grade": 1,"pid": "15649898033479","topk": 86,"topk_value": 0.8613799620927306}, {"type": "equilateral","name": "","phone": "18337473777","id": "06737083770bb2ac","x": 1108,"y": 1397,"color": "#E25D68","size": 5,"rank": 5,"hidden": false,"classname": "涉毒","grade": 1,"pid": "15649898033479","topk": 75,"topk_value": 0.862828421006981}, {"type": "circle","name": "","phone": "18615667007","id": "820c6bf84091ebe1","x": 556,"y": 603,"color": "#E25D68","size": 5,"rank": 5,"hidden": false,"classname": "涉毒","grade": 2,"pid": "15649898033479","topk": 67,"topk_value": 0.8761752672786982}, {"type": "equilateral","name": "","phone": "15688471750","id": "ba45dc168c17707f","x": 818,"y": 845,"color": "#E25D68","size": 9,"rank": 5,"hidden": false,"classname": "涉毒","grade": 1,"pid": "15649898033479","topk": 20,"topk_value": 1.0153404037541605}, {"type": "equilateral","name": "王泽","phone": "13188888575","id": "d5a5eb6dd2f2563a","x": 1295,"y": 861,"color": "#E25D68","size": 10,"rank": 5,"hidden": false,"classname": "涉毒","grade": 1,"pid": "15649898033479","topk": 15,"topk_value": 1.0559368725183869}, {"type": "equilateral","name": "潘涛","phone": "13953545026","id": "148f75d77f1d546b","x": 1460,"y": 1175,"color": "#E25D68","size": 4,"rank": 5,"hidden": false,"classname": "涉毒","grade": 1,"pid": "15649898033479","topk": 82,"topk_value": 0.862828421006981}, {"type": "equilateral","name": "","phone": "13810304982","id": "30800e8ac8203455","x": 640,"y": 929,"color": "#E25D68","size": 4,"rank": 5,"hidden": false,"classname": "涉毒","grade": 1,"pid": "15649898033479","topk": 85,"topk_value": 0.862828421006981}, {"type": "circle","name": "","phone": "15865313664","id": "b9eb16987ad4fb89","x": 406,"y": 964,"color": "#E25D68","size": 5,"rank": 5,"hidden": false,"classname": "涉毒","grade": 2,"pid": "15649898033479","topk": 55,"topk_value": 0.8879640212052807}, {"type": "equilateral","name": "刘继东","phone": "18953176366","id": "110277253dc937c1","x": 1202,"y": 1291,"color": "#E25D68","size": 6,"rank": 5,"hidden": false,"classname": "涉毒","grade": 1,"pid": "15649898033479","topk": 54,"topk_value": 0.8883355559412596}, {"type": "circle","name": "朱毅龙","phone": "18678866571","id": "0dbf38d9104d879c","x": 861,"y": 536,"color": "#E25D68","size": 6,"rank": 5,"hidden": false,"classname": "涉毒","grade": 2,"pid": "15649898033479","topk": 43,"topk_value": 0.8978070009012475}, {"type": "equilateral","name": "赵凯","phone": "18605335510","id": "5d7f6f4dbee7a91f","x": 1002,"y": 652,"color": "#E25D68","size": 5,"rank": 5,"hidden": false,"classname": "涉毒","grade": 1,"pid": "15649898033479","topk": 35,"topk_value": 0.932610477184708}, {"type": "circle","name": "郑涵涵","phone": "18615522931","id": "020c0367530bc947","x": 619,"y": 1436,"color": "#E25D68","size": 6,"rank": 5,"hidden": false,"classname": "涉毒","grade": 2,"pid": "15649898033479","topk": 68,"topk_value": 0.874120085485042}, {"type": "equilateral","name": "孙立铭","phone": "15098949158","id": "25cc72e819363e2f","x": 700,"y": 1110,"color": "#E25D68","size": 10,"rank": 5,"hidden": false,"classname": "涉毒","grade": 1,"pid": "15649898033479","topk": 5,"topk_value": 1.3211926926793043}, {"type": "equilateral","name": "","phone": "17661095703","id": "2a4c20686dc5c4c9","x": 1058,"y": 720,"color": "#E25D68","size": 10,"rank": 5,"hidden": false,"classname": "涉毒","grade": 1,"pid": "15649898033479","topk": 22,"topk_value": 0.9831307309490543}, {"type": "equilateral","name": "任振龙","phone": "18031697888","id": "dce208b18241be55","x": 1270,"y": 1584,"color": "#E25D68","size": 4,"rank": 5,"hidden": false,"classname": "涉毒","grade": 1,"pid": "15649898033479","topk": 78,"topk_value": 0.862828421006981}, {"type": "circle","name": "","phone": "15550031010","id": "0b56895c279355d1","x": 547,"y": 816,"color": "#E25D68","size": 6,"rank": 5,"hidden": false,"classname": "涉毒","grade": 2,"pid": "15649898033479","topk": 40,"topk_value": 0.909014881733505}, {"type": "equilateral","name": "牛超","phone": "15725312586","id": "7a41eb061c4b9909","x": 1205,"y": 554,"color": "#E25D68","size": 9,"rank": 5,"hidden": false,"classname": "涉毒","grade": 1,"pid": "15649898033479","topk": 23,"topk_value": 0.982590693571538}, {"type": "equilateral","name": "王璐","phone": "15064100747","id": "fdfbc87e89fabbef","x": 1484,"y": 778,"color": "#8BC34A","size": 10,"rank": 5,"hidden": false,"classname": "涉毒","grade": 1,"pid": "15649898033479","topk": 6,"topk_value": 0.9444989224679129}, {"type": "circle","name": "田玉霞","phone": "15666664031","id": "edf50050b65c65a3","x": 720,"y": 508,"color": "#E25D68","size": 4,"rank": 5,"hidden": false,"classname": "涉毒","grade": 2,"pid": "15649898033479","topk": 44,"topk_value": 0.89682579021494}, {"type": "equilateral","name": "王璐","phone": "13791041178","id": "095938914d9d8cf3","x": 1435,"y": 676,"color": "#8BC34A","size": 10,"rank": 5,"hidden": false,"classname": "涉毒","grade": 1,"pid": "15649898033479","topk": 7,"topk_value": 0.9444989224679129}, {"type": "equilateral","name": "","phone": "13573787392","id": "a47ac26a3f843eae","x": 1644,"y": 813,"color": "#8BC34A","size": 7,"rank": 5,"hidden": false,"classname": "涉毒","grade": 1,"pid": "15649898033479","topk": 4,"topk_value": 0.94654822265625}, {"type": "star","name": "chen","phone": "13793173325","id": "1a0bfcdaf16f639d","x": 1167,"y": 861,"color": "#8BC34A","size": 10,"rank": 5,"hidden": false,"classname": "涉毒","grade": 0,"pid": "15649898033479","topk": 0,"topk_value": 1.8963815984235493}, {"type": "circle","name": "","phone": "17864166416","id": "f96a9cd169cf450d","x": 717,"y": 650,"color": "#E25D68","size": 7,"rank": 5,"hidden": false,"classname": "涉毒","grade": 2,"pid": "15649898033479","topk": 36,"topk_value": 0.9289365455922542}, {"type": "equilateral","name": "","phone": "15964512058","id": "559592d7ff396748","x": 1430,"y": 533,"color": "#8BC34A","size": 7,"rank": 5,"hidden": false,"classname": "涉毒","grade": 1,"pid": "15649898033479","topk": 9,"topk_value": 0.9232892239815849}, {"type": "circle","name": "","phone": "17686667060","id": "80520bb864c5db64","x": 445,"y": 1150,"color": "#E25D68","size": 6,"rank": 5,"hidden": false,"classname": "涉毒","grade": 2,"pid": "15649898033479","topk": 49,"topk_value": 0.8916666401780692}, {"type": "equilateral","name": "王行峰","phone": "18660160255","id": "f3ae3eaaf869127a","x": 732,"y": 861,"color": "#E25D68","size": 10,"rank": 5,"hidden": false,"classname": "涉毒","grade": 1,"pid": "15649898033479","topk": 31,"topk_value": 0.933717714925305}, {"type": "equilateral","name": "","phone": "15552590521","id": "a743b21eb1a20649","x": 637,"y": 1094,"color": "#E25D68","size": 10,"rank": 5,"hidden": false,"classname": "涉毒","grade": 1,"pid": "15649898033479","topk": 16,"topk_value": 1.0386302682203532}, {"type": "circle","name": "","phone": "18553182901","id": "c0bdbf6137552da8","x": 764,"y": 325,"color": "#E25D68","size": 5,"rank": 5,"hidden": false,"classname": "涉毒","grade": 2,"pid": "15649898033479","topk": 57,"topk_value": 0.887252343750416}, {"type": "equilateral","name": "","phone": "18353820813","id": "9f51bec5ac9ba677","x": 927,"y": 1272,"color": "#E25D68","size": 6,"rank": 5,"hidden": false,"classname": "涉毒","grade": 1,"pid": "15649898033479","topk": 50,"topk_value": 0.8894762537572017}, {"type": "circle","name": "","phone": "15106965060","id": "19cf5025b2105647","x": 426,"y": 1309,"color": "#E25D68","size": 6,"rank": 5,"hidden": false,"classname": "涉毒","grade": 2,"pid": "15649898033479","topk": 46,"topk_value": 0.893405222894866}, {"type": "circle","name": "齐振香","phone": "13589143161","id": "3d0cb9679da2d4a1","x": 267,"y": 1057,"color": "#E25D68","size": 5,"rank": 5,"hidden": false,"classname": "涉毒","grade": 2,"pid": "15649898033479","topk": 60,"topk_value": 0.8836087629657848}, {"type": "equilateral","name": "王龙涛","phone": "18678853838","id": "115b80ebd3f2c369","x": 1525,"y": 1273,"color": "#E25D68","size": 10,"rank": 5,"hidden": false,"classname": "涉毒","grade": 1,"pid": "15649898033479","topk": 17,"topk_value": 1.0377602774554593}, {"type": "equilateral","name": "李晓芹","phone": "13793136192","id": "ad2ec69d24c7edc1","x": 979,"y": 995,"color": "#E25D68","size": 7,"rank": 5,"hidden": false,"classname": "涉毒","grade": 1,"pid": "15649898033479","topk": 37,"topk_value": 0.9211721643086133}, {"type": "equilateral","name": "","phone": "13389268058","id": "7994c398dd8e1488","x": 1124,"y": 795,"color": "#E25D68","size": 6,"rank": 5,"hidden": false,"classname": "涉毒","grade": 1,"pid": "15649898033479","topk": 59,"topk_value": 0.8838792815352052}, {"type": "equilateral","name": "吴丹丹","phone": "18615686505","id": "7e806bd231f56a2f","x": 679,"y": 1189,"color": "#E25D68","size": 10,"rank": 5,"hidden": false,"classname": "涉毒","grade": 1,"pid": "15649898033479","topk": 10,"topk_value": 1.117874103393403}, {"type": "equilateral","name": "","phone": "13156107774","id": "590492c5b548a413","x": 577,"y": 999,"color": "#E25D68","size": 7,"rank": 5,"hidden": false,"classname": "涉毒","grade": 1,"pid": "15649898033479","topk": 33,"topk_value": 0.9327670967709015}, {"type": "circle","name": "","phone": "17853172155","id": "b2a69efdedfaa997","x": 1211,"y": 738,"color": "#E25D68","size": 5,"rank": 5,"hidden": false,"classname": "涉毒","grade": 2,"pid": "15649898033479","topk": 61,"topk_value": 0.8810246445847307}, {"type": "equilateral","name": "吴坤","phone": "18605331731","id": "64d101edddbe62e5","x": 920,"y": 1095,"color": "#E25D68","size": 9,"rank": 5,"hidden": false,"classname": "涉毒","grade": 1,"pid": "15649898033479","topk": 25,"topk_value": 0.9697275319225268}, {"type": "equilateral","name": "","phone": "15154152508","id": "99c92eef81131cb8","x": 1320,"y": 737,"color": "#E25D68","size": 8,"rank": 5,"hidden": false,"classname": "涉毒","grade": 1,"pid": "15649898033479","topk": 26,"topk_value": 0.9504208998190632}, {"type": "equilateral","name": "王老师","phone": "13210568180","id": "13299e66a9b286e7","x": 794,"y": 1063,"color": "#E25D68","size": 9,"rank": 5,"hidden": false,"classname": "涉毒","grade": 1,"pid": "15649898033479","topk": 28,"topk_value": 0.9391922180184789}, {"type": "circle","name": "","phone": "18354129685","id": "24017680d3389c53","x": 1887,"y": 848,"color": "#8BC34A","size": 5,"rank": 5,"hidden": false,"classname": "涉毒","grade": 2,"pid": "15649898033479","topk": 3,"topk_value": 0.9717280655343192}, {"type": "equilateral","name": "","phone": "17706698958","id": "28b9a50da681510a","x": 1061,"y": 1612,"color": "#E25D68","size": 4,"rank": 5,"hidden": false,"classname": "涉毒","grade": 1,"pid": "15649898033479","topk": 74,"topk_value": 0.862828421006981}, {"type": "equilateral","name": "","phone": "13922762394","id": "926b59b792835a8f","x": 1468,"y": 1391,"color": "#E25D68","size": 4,"rank": 5,"hidden": false,"classname": "涉毒","grade": 1,"pid": "15649898033479","topk": 70,"topk_value": 0.862828421006981}, {"type": "equilateral","name": "刘有远","phone": "13188884043","id": "2afc6629a377eed5","x": 1328,"y": 508,"color": "#8BC34A","size": 10,"rank": 5,"hidden": false,"classname": "涉毒","grade": 1,"pid": "15649898033479","topk": 2,"topk_value": 0.992509663609096}, {"type": "circle","name": "苏凯","phone": "15168802777","id": "931f556572bf1c15","x": 1308,"y": 356,"color": "#E25D68","size": 6,"rank": 5,"hidden": false,"classname": "涉毒","grade": 2,"pid": "15649898033479","topk": 48,"topk_value": 0.8925848235371255}, {"type": "circle","name": "刘永祥","phone": "15753193333","id": "a5b009f340517a2f","x": 969,"y": 302,"color": "#E25D68","size": 6,"rank": 5,"hidden": false,"classname": "涉毒","grade": 2,"pid": "15649898033479","topk": 56,"topk_value": 0.887252343750416}, {"type": "circle","name": "张鹏鹏","phone": "18560153711","id": "7f09ed74085f51d8","x": 1724,"y": 1163,"color": "#E25D68","size": 6,"rank": 5,"hidden": false,"classname": "涉毒","grade": 2,"pid": "15649898033479","topk": 38,"topk_value": 0.9152824336848381}, {"type": "star","name": "小","phone": "18615522075","id": "203295b4664eccff","x": 702,"y": 1325,"color": "#E25D68","size": 10,"rank": 5,"hidden": false,"classname": "涉毒","grade": 0,"pid": "15649898033479","topk": 14,"topk_value": 1.081139831950864}, {"type": "equilateral","name": "彭汀群","phone": "18954130998","id": "87a4e1db54c5af58","x": 995,"y": 862,"color": "#E25D68","size": 10,"rank": 5,"hidden": false,"classname": "涉毒","grade": 1,"pid": "15649898033479","topk": 8,"topk_value": 1.1920510548516934}, {"type": "equilateral","name": "","phone": "18866610041","id": "c0b95f91318c731d","x": 438,"y": 1615,"color": "#E25D68","size": 9,"rank": 5,"hidden": false,"classname": "涉毒","grade": 1,"pid": "15649898033479","topk": 69,"topk_value": 0.8702572239898718}, {"type": "circle","name": "张海军","phone": "18853185255","id": "807d8aa150f233f4","x": 1114,"y": 1144,"color": "#E25D68","size": 5,"rank": 5,"hidden": false,"classname": "涉毒","grade": 2,"pid": "15649898033479","topk": 51,"topk_value": 0.8890088144438925}, {"type": "equilateral","name": "蔡蒙蒙","phone": "18953165006","id": "e1542eebc7b4d984","x": 845,"y": 996,"color": "#E25D68","size": 10,"rank": 5,"hidden": false,"classname": "涉毒","grade": 1,"pid": "15649898033479","topk": 1,"topk_value": 1.7307205917493107}, {"type": "equilateral","name": "","phone": "15668387566","id": "5c2b2d53847a12e6","x": 847,"y": 942,"color": "#E25D68","size": 10,"rank": 5,"hidden": false,"classname": "涉毒","grade": 1,"pid": "15649898033479","topk": 9,"topk_value": 1.16726308626692}, {"type": "equilateral","name": "徐会宝","phone": "18668921955","id": "fe5e89d1219ca520","x": 1014,"y": 1059,"color": "#E25D68","size": 9,"rank": 5,"hidden": false,"classname": "涉毒","grade": 1,"pid": "15649898033479","topk": 30,"topk_value": 0.934525286741673}, {"type": "equilateral","name": "","phone": "17805333315","id": "d463ad12af91e8e9","x": 928,"y": 1603,"color": "#E25D68","size": 5,"rank": 5,"hidden": false,"classname": "涉毒","grade": 1,"pid": "15649898033479","topk": 76,"topk_value": 0.862828421006981}, {"type": "circle","name": "孙全志","phone": "18253101690","id": "fc937aadbe660eba","x": 533,"y": 1096,"color": "#E25D68","size": 7,"rank": 5,"hidden": false,"classname": "涉毒","grade": 2,"pid": "15649898033479","topk": 21,"topk_value": 0.9885868501258022}, {"type": "equilateral","name": "","phone": "15628704989","id": "370a7112702cc945","x": 1549,"y": 1018,"color": "#8BC34A","size": 5,"rank": 5,"hidden": false,"classname": "涉毒","grade": 1,"pid": "15649898033479","topk": 10,"topk_value": 0.8736872691127232}, {"type": "circle","name": "韩轩","phone": "18678120534","id": "b9f8b1d75b1686de","x": 1202,"y": 983,"color": "#E25D68","size": 6,"rank": 5,"hidden": false,"classname": "涉毒","grade": 2,"pid": "15649898033479","topk": 19,"topk_value": 1.020777160508846}, {"type": "circle","name": "艾苗","phone": "18553003678","id": "6c7d57d189556e5a","x": 294,"y": 1292,"color": "#E25D68","size": 6,"rank": 5,"hidden": false,"classname": "涉毒","grade": 2,"pid": "15649898033479","topk": 66,"topk_value": 0.8766478327502207}, {"type": "equilateral","name": "","phone": "13853116135","id": "2a6b521fa19ee5e8","x": 1500,"y": 911,"color": "#8BC34A","size": 9,"rank": 5,"hidden": false,"classname": "涉毒","grade": 1,"pid": "15649898033479","topk": 8,"topk_value": 0.9244539031110491}, {"type": "circle","name": "类成娇","phone": "15866636193","id": "f98bc3fc4a28d599","x": 1004,"y": 1259,"color": "#E25D68","size": 5,"rank": 5,"hidden": false,"classname": "涉毒","grade": 2,"pid": "15649898033479","topk": 52,"topk_value": 0.8887064487355957}, {"type": "equilateral","name": "","phone": "13869154126","id": "22a10b71b48485b4","x": 1628,"y": 922,"color": "#8BC34A","size": 10,"rank": 5,"hidden": false,"classname": "涉毒","grade": 1,"pid": "15649898033479","topk": 1,"topk_value": 1.0158562913295202}, {"type": "equilateral","name": "吴小华","phone": "15865281717","id": "bf33a6d664fe8677","x": 670,"y": 742,"color": "#E25D68","size": 10,"rank": 5,"hidden": false,"classname": "涉毒","grade": 1,"pid": "15649898033479","topk": 32,"topk_value": 0.9333911988925538}, {"type": "equilateral","name": "王诗岩","phone": "18911806886","id": "c09850c1b14b9de7","x": 1354,"y": 971,"color": "#E25D68","size": 5,"rank": 5,"hidden": false,"classname": "涉毒","grade": 1,"pid": "15649898033479","topk": 79,"topk_value": 0.862828421006981}, {"type": "equilateral","name": "王明玉","phone": "13356887715","id": "a1d957991d760763","x": 1018,"y": 1506,"color": "#E25D68","size": 4,"rank": 5,"hidden": false,"classname": "涉毒","grade": 1,"pid": "15649898033479","topk": 81,"topk_value": 0.862828421006981}, {"type": "circle","name": "","phone": "16653159986","id": "cf53d6087edad6b6","x": 868,"y": 1186,"color": "#E25D68","size": 7,"rank": 5,"hidden": false,"classname": "涉毒","grade": 2,"pid": "15649898033479","topk": 24,"topk_value": 0.9712895853086229}, {"type": "equilateral","name": "","phone": "13455174487","id": "ed785503eedaafa8","x": 1187,"y": 644,"color": "#E25D68","size": 9,"rank": 5,"hidden": false,"classname": "涉毒","grade": 1,"pid": "15649898033479","topk": 18,"topk_value": 1.0264108887482626}, {"type": "equilateral","name": "宋辉","phone": "15562699595","id": "fa060939f4f8d10b","x": 927,"y": 910,"color": "#E25D68","size": 10,"rank": 5,"hidden": false,"classname": "涉毒","grade": 1,"pid": "15649898033479","topk": 3,"topk_value": 1.3899244668610087}, {"type": "circle","name": "祝向前","phone": "15990968007","id": "bb61f52224432aee","x": 717,"y": 1651,"color": "#E25D68","size": 4,"rank": 5,"hidden": false,"classname": "涉毒","grade": 2,"pid": "15649898033479","topk": 64,"topk_value": 0.8766478327502207}, {"type": "equilateral","name": "","phone": "13705310098","id": "6435337cf187e2c9","x": 830,"y": 764,"color": "#E25D68","size": 9,"rank": 5,"hidden": false,"classname": "涉毒","grade": 1,"pid": "15649898033479","topk": 12,"topk_value": 1.1028446688792501}, {"type": "equilateral","name": "","phone": "17610820903","id": "ea8f6cc253fde117","x": 1203,"y": 403,"color": "#8BC34A","size": 4,"rank": 5,"hidden": false,"classname": "涉毒","grade": 1,"pid": "15649898033479","topk": 13,"topk_value": 0.8736872691127232}, {"type": "equilateral","name": "","phone": "13335209281","id": "ef8d20d0af8b709b","x": 1056,"y": 583,"color": "#E25D68","size": 8,"rank": 5,"hidden": false,"classname": "涉毒","grade": 1,"pid": "15649898033479","topk": 41,"topk_value": 0.9007286945767521}, {"type": "star","name": "lu","phone": "15553149815","id": "affc349b48683bab","x": 1036,"y": 1129,"color": "#E25D68","size": 10,"rank": 5,"hidden": false,"classname": "涉毒","grade": 0,"pid": "15649898033479","topk": 0,"topk_value": 3.8518691743119113}, {"type": "equilateral","name": "程琳","phone": "15563358200","id": "daf199f8bc711a1d","x": 751,"y": 984,"color": "#E25D68","size": 10,"rank": 5,"hidden": false,"classname": "涉毒","grade": 1,"pid": "15649898033479","topk": 11,"topk_value": 1.1085100756623008}, {"type": "equilateral","name": "丁秀峰","phone": "18911307277","id": "a02ee5c9bfb3a06d","x": 965,"y": 1409,"color": "#E25D68","size": 4,"rank": 5,"hidden": false,"classname": "涉毒","grade": 1,"pid": "15649898033479","topk": 72,"topk_value": 0.862828421006981}, {"type": "equilateral","name": "","phone": "15650588130","id": "cb4129a80ea4c5d3","x": 1159,"y": 1565,"color": "#E25D68","size": 5,"rank": 5,"hidden": false,"classname": "涉毒","grade": 1,"pid": "15649898033479","topk": 73,"topk_value": 0.862828421006981}, {"type": "equilateral","name": "王丽丽","phone": "18636774875","id": "75141abc3618d051","x": 779,"y": 1452,"color": "#E25D68","size": 6,"rank": 5,"hidden": false,"classname": "涉毒","grade": 1,"pid": "15649898033479","topk": 80,"topk_value": 0.862828421006981}, {"type": "equilateral","name": "","phone": "13256730382","id": "c3f5adf30c338b03","x": 592,"y": 1327,"color": "#E25D68","size": 10,"rank": 5,"hidden": false,"classname": "涉毒","grade": 1,"pid": "15649898033479","topk": 4,"topk_value": 1.3240459580240915}],"success":"true"}