{"nodes":[{"classname":"涉毒","grade":1,"type":"equilateral","name":"张斌","phone":"18678878010","pid":"1564540167668","id":"a66c7dbcfcef8b3e","x":1173,"y":1110,"color":"#E25D68","size":10,"rank":5,"hidden":false,"flag":false,"topk":7,"topk_value":1.436699883512816},{"classname":"涉毒","grade":2,"type":"circle","name":"郑海鹏","phone":"13065001873","pid":"1564540167668","id":"977396656c7dae84","x":310,"y":793,"color":"#E25D68","size":5,"rank":5,"hidden":false,"flag":false,"topk":33,"topk_value":0.8978752961202199},{"classname":"涉毒","grade":2,"type":"circle","name":"铜板","phone":"15165070869","pid":"1564540167668","id":"e5ceeb0dd51ff608","x":1421,"y":755,"color":"#E25D68","size":5,"rank":5,"hidden":false,"flag":false,"topk":48,"topk_value":0.8777957462780518},{"classname":"涉毒","grade":1,"type":"equilateral","name":"尹文婷","phone":"15665806205","pid":"1564540167668","id":"82a331441aad11ef","x":1224,"y":761,"color":"#E25D68","size":10,"rank":5,"hidden":false,"flag":false,"topk":12,"topk_value":1.2528426505002668},{"classname":"涉毒","grade":1,"type":"equilateral","name":"","phone":"17686627358","pid":"1564540167668","id":"7fbe58b1dc26b901","x":424,"y":1467,"color":"#8BC34A","size":7,"rank":5,"hidden":false,"flag":false,"topk":2,"topk_value":0.9996203125},{"classname":"涉毒","grade":1,"type":"equilateral","name":"孙立铭","phone":"15098949158","pid":"1564540167668","id":"25cc72e819363e2f","x":914,"y":869,"color":"#E25D68","size":10,"rank":5,"hidden":false,"flag":false,"topk":5,"topk_value":1.5312645755806655},{"classname":"涉毒","grade":2,"type":"circle","name":"梁雨辰","phone":"15069131869","pid":"1564540167668","id":"9a8a8b96f041df59","x":1027,"y":1202,"color":"#E25D68","size":7,"rank":5,"hidden":false,"flag":false,"topk":22,"topk_value":0.9366416046363053},{"classname":"涉毒","grade":2,"type":"circle","name":"","phone":"18353820813","pid":"1564540167668","id":"9f51bec5ac9ba677","x":780,"y":854,"color":"#E25D68","size":5,"rank":5,"hidden":false,"flag":false,"topk":34,"topk_value":0.8971978543442092},{"classname":"涉毒","grade":2,"type":"circle","name":"齐振香","phone":"13589143161","pid":"1564540167668","id":"3d0cb9679da2d4a1","x":630,"y":674,"color":"#E25D68","size":6,"rank":5,"hidden":false,"flag":false,"topk":37,"topk_value":0.891082148300813},{"classname":"涉毒","grade":2,"type":"circle","name":"井凤杰","phone":"15066689300","pid":"1564540167668","id":"d03ddf483463046e","x":548,"y":555,"color":"#E25D68","size":5,"rank":5,"hidden":false,"flag":false,"topk":78,"topk_value":0.8672318799616712},{"classname":"涉毒","grade":1,"type":"equilateral","name":"","phone":"15668387566","pid":"1564540167668","id":"5c2b2d53847a12e6","x":1078,"y":857,"color":"#E25D68","size":10,"rank":5,"hidden":false,"flag":false,"topk":11,"topk_value":1.2574789408086304},{"classname":"涉毒","grade":0,"type":"star","name":"许涛","phone":"18668921955","pid":"1564540167668","id":"fe5e89d1219ca520","x":1210,"y":966,"color":"#E25D68","size":10,"rank":5,"hidden":false,"flag":false,"topk":10,"topk_value":1.3248926370042398},{"classname":"涉毒","grade":1,"type":"equilateral","name":"","phone":"13081426854","pid":"1564540167668","id":"53d93a95f3d52d70","x":474,"y":1305,"color":"#8BC34A","size":7,"rank":5,"hidden":false,"flag":false,"topk":0,"topk_value":0.9996203125},{"classname":"涉毒","grade":1,"type":"equilateral","name":"宋辉","phone":"15562699595","pid":"1564540167668","id":"fa060939f4f8d10b","x":1220,"y":1044,"color":"#E25D68","size":10,"rank":5,"hidden":false,"flag":false,"topk":0,"topk_value":1.8999631169041864},{"classname":"涉毒","grade":1,"type":"equilateral","name":"尹加鲁","phone":"17753113466","pid":"1564540167668","id":"756d9344921c3c34","x":687,"y":1324,"color":"#E25D68","size":9,"rank":5,"hidden":false,"flag":false,"topk":26,"topk_value":0.9113127919769354},{"classname":"涉毒","grade":2,"type":"circle","name":"","phone":"13705310098","pid":"1564540167668","id":"6435337cf187e2c9","x":887,"y":477,"color":"#E25D68","size":5,"rank":5,"hidden":false,"flag":false,"topk":76,"topk_value":0.8678556690802518},{"classname":"涉毒","grade":2,"type":"circle","name":"","phone":"13335209281","pid":"1564540167668","id":"ef8d20d0af8b709b","x":1265,"y":1358,"color":"#E25D68","size":7,"rank":5,"hidden":false,"flag":false,"topk":46,"topk_value":0.8801290225954338},{"classname":"涉毒","grade":1,"type":"equilateral","name":"陈传军","phone":"15553149815","pid":"1564540167668","id":"affc349b48683bab","x":1110,"y":761,"color":"#E25D68","size":10,"rank":5,"hidden":false,"flag":false,"topk":1,"topk_value":1.7694506586910665},{"classname":"涉毒","grade":1,"type":"equilateral","name":"程琳","phone":"15563358200","pid":"1564540167668","id":"daf199f8bc711a1d","x":1016,"y":757,"color":"#E25D68","size":10,"rank":5,"hidden":false,"flag":false,"topk":9,"topk_value":1.3603535901792907},{"classname":"涉毒","grade":1,"type":"equilateral","name":"王岩","phone":"13698602655","pid":"1564540167668","id":"205093a9d861d170","x":1645,"y":1014,"color":"#E25D68","size":7,"rank":5,"hidden":false,"flag":false,"topk":80,"topk_value":0.861680354801291},{"classname":"涉毒","grade":1,"type":"equilateral","name":"殷方丽","phone":"18254158869","pid":"1564540167668","id":"2f10f9c68e4307dd","x":871,"y":1111,"color":"#E25D68","size":9,"rank":5,"hidden":false,"flag":false,"topk":13,"topk_value":1.1575563659816024},{"classname":"涉毒","grade":1,"type":"equilateral","name":"汪达成","phone":"18615218393","pid":"1564540167668","id":"1d9d3e11ef955136","x":754,"y":998,"color":"#E25D68","size":10,"rank":5,"hidden":false,"flag":false,"topk":16,"topk_value":1.0178884002537605},{"classname":"涉毒","grade":2,"type":"circle","name":"","phone":"15553174360","pid":"1564540167668","id":"5ea3d0d3acfa48f3","x":782,"y":1450,"color":"#E25D68","size":4,"rank":5,"hidden":false,"flag":false,"topk":43,"topk_value":0.8807340078658064},{"classname":"涉毒","grade":2,"type":"circle","name":"","phone":"16606337788","pid":"1564540167668","id":"f63fe4235c709b46","x":1359,"y":654,"color":"#E25D68","size":4,"rank":5,"hidden":false,"flag":false,"topk":62,"topk_value":0.8708259856415537},{"classname":"涉毒","grade":1,"type":"equilateral","name":"付忠贺","phone":"13153101920","pid":"1564540167668","id":"76ed8f421971c8ec","x":817,"y":1257,"color":"#E25D68","size":10,"rank":5,"hidden":false,"flag":false,"topk":18,"topk_value":1.0005426207154988},{"classname":"涉毒","grade":2,"type":"circle","name":"陈金平","phone":"13675379860","pid":"1564540167668","id":"606a0ba1bc6ca9d8","x":1431,"y":1465,"color":"#E25D68","size":6,"rank":5,"hidden":false,"flag":false,"topk":61,"topk_value":0.8708259856415537},{"classname":"涉毒","grade":2,"type":"circle","name":"","phone":"15865313664","pid":"1564540167668","id":"b9eb16987ad4fb89","x":671,"y":755,"color":"#E25D68","size":7,"rank":5,"hidden":false,"flag":false,"topk":28,"topk_value":0.9018128742566138},{"classname":"涉毒","grade":2,"type":"circle","name":"陈建超","phone":"18863077710","pid":"1564540167668","id":"a00aa36868423e0d","x":793,"y":668,"color":"#E25D68","size":7,"rank":5,"hidden":false,"flag":false,"topk":35,"topk_value":0.8955145019290457},{"classname":"涉毒","grade":2,"type":"circle","name":"","phone":"13127102754","pid":"1564540167668","id":"2b299c64a56ed708","x":417,"y":1122,"color":"#E25D68","size":7,"rank":5,"hidden":false,"flag":false,"topk":55,"topk_value":0.8720018648296954},{"classname":"涉毒","grade":2,"type":"circle","name":"","phone":"13044036399","pid":"1564540167668","id":"b74fb290a8b86e4a","x":578,"y":1160,"color":"#E25D68","size":5,"rank":5,"hidden":false,"flag":false,"topk":45,"topk_value":0.8805799735684497},{"classname":"涉毒","grade":1,"type":"equilateral","name":"","phone":"13287772037","pid":"1564540167668","id":"f7448292a7c6866d","x":805,"y":1597,"color":"#E25D68","size":8,"rank":5,"hidden":false,"flag":false,"topk":23,"topk_value":0.9312728769814226},{"classname":"涉毒","grade":1,"type":"equilateral","name":"","phone":"15106965060","pid":"1564540167668","id":"19cf5025b2105647","x":867,"y":1354,"color":"#E25D68","size":8,"rank":5,"hidden":false,"flag":false,"topk":19,"topk_value":0.9820969443921032},{"classname":"涉毒","grade":1,"type":"equilateral","name":"吴坤","phone":"18605331731","pid":"1564540167668","id":"64d101edddbe62e5","x":1032,"y":914,"color":"#E25D68","size":10,"rank":5,"hidden":false,"flag":false,"topk":20,"topk_value":0.9735572913089221},{"classname":"涉毒","grade":2,"type":"circle","name":"王老师","phone":"13210568180","pid":"1564540167668","id":"13299e66a9b286e7","x":662,"y":989,"color":"#E25D68","size":6,"rank":5,"hidden":false,"flag":false,"topk":40,"topk_value":0.8861849735773702},{"classname":"涉毒","grade":1,"type":"equilateral","name":"王在学","phone":"18615522075","pid":"1564540167668","id":"203295b4664eccff","x":1022,"y":1095,"color":"#E25D68","size":10,"rank":5,"hidden":false,"flag":false,"topk":24,"topk_value":0.9224465455663451},{"classname":"涉毒","grade":2,"type":"circle","name":"彭汀群","phone":"18954130998","pid":"1564540167668","id":"87a4e1db54c5af58","x":761,"y":1093,"color":"#E25D68","size":6,"rank":5,"hidden":false,"flag":false,"topk":39,"topk_value":0.8875356183529005},{"classname":"涉毒","grade":1,"type":"equilateral","name":"孙全志","phone":"18253101690","pid":"1564540167668","id":"fc937aadbe660eba","x":865,"y":938,"color":"#E25D68","size":10,"rank":5,"hidden":false,"flag":false,"topk":6,"topk_value":1.4882927198066151},{"classname":"涉毒","grade":2,"type":"circle","name":"","phone":"13810642273","pid":"1564540167668","id":"44e4fe4995b3144e","x":1267,"y":384,"color":"#E25D68","size":5,"rank":5,"hidden":false,"flag":false,"topk":64,"topk_value":0.8702016109218925},{"classname":"涉毒","grade":2,"type":"circle","name":"艾苗","phone":"18553003678","pid":"1564540167668","id":"6c7d57d189556e5a","x":1093,"y":1537,"color":"#E25D68","size":6,"rank":5,"hidden":false,"flag":false,"topk":69,"topk_value":0.8697701612013201},{"classname":"涉毒","grade":2,"type":"circle","name":"","phone":"18658841317","pid":"1564540167668","id":"a848b0faa9513459","x":1494,"y":602,"color":"#E25D68","size":5,"rank":5,"hidden":false,"flag":false,"topk":50,"topk_value":0.8730690814180277},{"classname":"涉毒","grade":2,"type":"circle","name":"祝向前","phone":"15990968007","pid":"1564540167668","id":"bb61f52224432aee","x":1275,"y":1242,"color":"#E25D68","size":4,"rank":5,"hidden":false,"flag":false,"topk":70,"topk_value":0.8697701612013201},{"classname":"涉毒","grade":2,"type":"circle","name":"崔中文","phone":"18506338687","pid":"1564540167668","id":"1630b9410fb00da4","x":852,"y":763,"color":"#E25D68","size":6,"rank":5,"hidden":false,"flag":false,"topk":27,"topk_value":0.9087224876791348},{"classname":"涉毒","grade":2,"type":"circle","name":"杨亚丽","phone":"18668971877","pid":"1564540167668","id":"98aaaed4d9d8b83c","x":832,"y":340,"color":"#E25D68","size":5,"rank":5,"hidden":false,"flag":false,"topk":66,"topk_value":0.8702016109218925},{"classname":"涉毒","grade":2,"type":"circle","name":"","phone":"13375610665","pid":"1564540167668","id":"f01fc290c42185e9","x":725,"y":520,"color":"#E25D68","size":5,"rank":5,"hidden":false,"flag":false,"topk":68,"topk_value":0.8699634858259144},{"classname":"涉毒","grade":2,"type":"circle","name":"王岩","phone":"15506338686","pid":"1564540167668","id":"7157357d736c6063","x":1296,"y":1543,"color":"#E25D68","size":6,"rank":5,"hidden":false,"flag":false,"topk":58,"topk_value":0.8708259856415537},{"classname":"涉毒","grade":2,"type":"circle","name":"王泽","phone":"13188888575","pid":"1564540167668","id":"d5a5eb6dd2f2563a","x":1179,"y":299,"color":"#E25D68","size":5,"rank":5,"hidden":false,"flag":false,"topk":52,"topk_value":0.8728853183763731},{"classname":"涉毒","grade":2,"type":"circle","name":"","phone":"15550031010","pid":"1564540167668","id":"0b56895c279355d1","x":532,"y":815,"color":"#E25D68","size":4,"rank":5,"hidden":false,"flag":false,"topk":63,"topk_value":0.8707095200384395},{"classname":"涉毒","grade":2,"type":"circle","name":"","phone":"15169034116","pid":"1564540167668","id":"5b974007c86390ba","x":1153,"y":526,"color":"#E25D68","size":5,"rank":5,"hidden":false,"flag":false,"topk":71,"topk_value":0.869281831036519},{"classname":"涉毒","grade":2,"type":"circle","name":"汤立涛","phone":"13589689328","pid":"1564540167668","id":"72d98d50d7e9bfeb","x":515,"y":1049,"color":"#E25D68","size":4,"rank":5,"hidden":false,"flag":false,"topk":67,"topk_value":0.8699634858259144},{"classname":"涉毒","grade":1,"type":"equilateral","name":"","phone":"13793173325","pid":"1564540167668","id":"1a0bfcdaf16f639d","x":1097,"y":988,"color":"#E25D68","size":10,"rank":5,"hidden":false,"flag":false,"topk":2,"topk_value":1.6760272614127467},{"classname":"涉毒","grade":2,"type":"circle","name":"","phone":"17686667060","pid":"1564540167668","id":"80520bb864c5db64","x":1157,"y":1227,"color":"#E25D68","size":6,"rank":5,"hidden":false,"flag":false,"topk":30,"topk_value":0.9008439280342695},{"classname":"涉毒","grade":2,"type":"circle","name":"","phone":"18963337657","pid":"1564540167668","id":"dd84734e6d03cc6c","x":1589,"y":1363,"color":"#E25D68","size":4,"rank":5,"hidden":false,"flag":false,"topk":59,"topk_value":0.8708259856415537},{"classname":"涉毒","grade":1,"type":"equilateral","name":"","phone":"15628803012","pid":"1564540167668","id":"ec219aa64cbf10b3","x":313,"y":1286,"color":"#8BC34A","size":7,"rank":5,"hidden":false,"flag":false,"topk":1,"topk_value":0.9996203125},{"classname":"涉毒","grade":2,"type":"circle","name":"","phone":"19801980798","pid":"1564540167668","id":"cf6129524f9a1a31","x":1484,"y":417,"color":"#E25D68","size":5,"rank":5,"hidden":false,"flag":false,"topk":51,"topk_value":0.8728853183763731},{"classname":"涉毒","grade":0,"type":"star","name":"吴丹丹","phone":"18615686505","pid":"1564540167668","id":"7e806bd231f56a2f","x":793.2826176894796,"y":1172.435082511155,"color":"#E25D68","size":10,"rank":5,"hidden":false,"flag":false,"topk":14,"topk_value":1.154335285090003},{"classname":"涉毒","grade":2,"type":"circle","name":"","phone":"15315711179","pid":"1564540167668","id":"12fc89dc15f5b780","x":1041,"y":1328,"color":"#E25D68","size":6,"rank":5,"hidden":false,"flag":false,"topk":38,"topk_value":0.8880578656032249},{"classname":"涉毒","grade":2,"type":"circle","name":"韩轩","phone":"18678120534","pid":"1564540167668","id":"b9f8b1d75b1686de","x":1505,"y":845,"color":"#E25D68","size":5,"rank":5,"hidden":false,"flag":false,"topk":42,"topk_value":0.8811022544783215},{"classname":"涉毒","grade":1,"type":"equilateral","name":"","phone":"18506413343","pid":"1564540167668","id":"30e7d454894480fd","x":1200,"y":840,"color":"#E25D68","size":10,"rank":5,"hidden":false,"flag":false,"topk":15,"topk_value":1.1352838556447504},{"classname":"涉毒","grade":2,"type":"circle","name":"宋晶晶","phone":"13688617787","pid":"1564540167668","id":"3eb6e39e1693bf7c","x":1065,"y":449,"color":"#E25D68","size":6,"rank":5,"hidden":false,"flag":false,"topk":47,"topk_value":0.8801206546924683},{"classname":"涉毒","grade":1,"type":"equilateral","name":"赵凯","phone":"15665888024","pid":"1564540167668","id":"6924edcbcf8a4726","x":1020,"y":996,"color":"#E25D68","size":10,"rank":5,"hidden":false,"flag":false,"topk":3,"topk_value":1.6226602559814536},{"classname":"涉毒","grade":1,"type":"equilateral","name":"李延彪","phone":"15215315353","pid":"1564540167668","id":"2deeea44185f83e1","x":624,"y":1618,"color":"#8BC34A","size":9,"rank":5,"hidden":false,"flag":false,"topk":-1,"topk_value":-1},{"classname":"涉毒","grade":2,"type":"circle","name":"曹少宁","phone":"18660428005","pid":"1564540167668","id":"dccfea1aefaf654a","x":927,"y":1230,"color":"#E25D68","size":7,"rank":5,"hidden":false,"flag":false,"topk":21,"topk_value":0.9573909616990381},{"classname":"涉毒","grade":2,"type":"circle","name":"","phone":"13583428237","pid":"1564540167668","id":"a1d4f1cceef61e0c","x":948,"y":1505,"color":"#E25D68","size":4,"rank":5,"hidden":false,"flag":false,"topk":56,"topk_value":0.8720018648296954},{"classname":"涉毒","grade":2,"type":"circle","name":"董新","phone":"15069075547","pid":"1564540167668","id":"8d25b715987d6eac","x":1372,"y":1118,"color":"#E25D68","size":6,"rank":5,"hidden":false,"flag":false,"topk":41,"topk_value":0.882825395574173},{"classname":"涉毒","grade":2,"type":"circle","name":"","phone":"15153126336","pid":"1564540167668","id":"0f9e87867974bf3c","x":977,"y":573,"color":"#E25D68","size":5,"rank":5,"hidden":false,"flag":false,"topk":49,"topk_value":0.877158706034132},{"classname":"涉毒","grade":2,"type":"circle","name":"马垒","phone":"18678586655","pid":"1564540167668","id":"dc30d7c56b974cbd","x":1131,"y":1406,"color":"#E25D68","size":6,"rank":5,"hidden":false,"flag":false,"topk":77,"topk_value":0.8676878210680402},{"classname":"涉毒","grade":2,"type":"circle","name":"","phone":"15688471750","pid":"1564540167668","id":"ba45dc168c17707f","x":1369,"y":525,"color":"#E25D68","size":5,"rank":5,"hidden":false,"flag":false,"topk":53,"topk_value":0.8727174703641615},{"classname":"涉毒","grade":2,"type":"circle","name":"朱毅龙","phone":"18678866571","pid":"1564540167668","id":"0dbf38d9104d879c","x":1645,"y":726,"color":"#E25D68","size":5,"rank":5,"hidden":false,"flag":false,"topk":54,"topk_value":0.8725822057287049},{"classname":"涉毒","grade":1,"type":"equilateral","name":"赵凯","phone":"18605335510","pid":"1564540167668","id":"5d7f6f4dbee7a91f","x":1471,"y":948,"color":"#E25D68","size":5,"rank":5,"hidden":false,"flag":false,"topk":57,"topk_value":0.8711512397673828},{"classname":"涉毒","grade":2,"type":"circle","name":"郑涵涵","phone":"18615522931","pid":"1564540167668","id":"020c0367530bc947","x":1047,"y":643,"color":"#E25D68","size":6,"rank":5,"hidden":false,"flag":false,"topk":29,"topk_value":0.9016809530664629},{"classname":"涉毒","grade":1,"type":"equilateral","name":"周政","phone":"18615179000","pid":"1564540167668","id":"a5c73bdd3ee46637","x":438,"y":956,"color":"#E25D68","size":10,"rank":5,"hidden":false,"flag":false,"topk":17,"topk_value":1.0108241247033873},{"classname":"涉毒","grade":1,"type":"equilateral","name":"魏红","phone":"15253987146","pid":"1564540167668","id":"a6513b39af551268","x":1698,"y":890,"color":"#E25D68","size":5,"rank":5,"hidden":false,"flag":false,"topk":79,"topk_value":0.861680354801291},{"classname":"涉毒","grade":2,"type":"circle","name":"","phone":"17864166416","pid":"1564540167668","id":"f96a9cd169cf450d","x":1362,"y":814,"color":"#E25D68","size":6,"rank":5,"hidden":false,"flag":false,"topk":32,"topk_value":0.9003569185795326},{"classname":"涉毒","grade":2,"type":"circle","name":"王行峰","phone":"18660160255","pid":"1564540167668","id":"f3ae3eaaf869127a","x":691,"y":869,"color":"#E25D68","size":4,"rank":5,"hidden":false,"flag":false,"topk":72,"topk_value":0.8689628033594079},{"classname":"涉毒","grade":2,"type":"circle","name":"","phone":"15552590521","pid":"1564540167668","id":"a743b21eb1a20649","x":889,"y":667,"color":"#E25D68","size":7,"rank":5,"hidden":false,"flag":false,"topk":31,"topk_value":0.9005125973815853},{"classname":"涉毒","grade":1,"type":"equilateral","name":"郭鹏","phone":"18678308679","pid":"1564540167668","id":"e4ff7716fd62b22a","x":535,"y":1480,"color":"#8BC34A","size":10,"rank":5,"hidden":false,"flag":false,"topk":3,"topk_value":0.9996203125},{"classname":"涉毒","grade":2,"type":"circle","name":"李晓芹","phone":"13793136192","pid":"1564540167668","id":"ad2ec69d24c7edc1","x":1367,"y":1002,"color":"#E25D68","size":5,"rank":5,"hidden":false,"flag":false,"topk":36,"topk_value":0.8911891462611088},{"classname":"涉毒","grade":2,"type":"circle","name":"","phone":"15154152508","pid":"1564540167668","id":"99c92eef81131cb8","x":1440,"y":1301,"color":"#E25D68","size":5,"rank":5,"hidden":false,"flag":false,"topk":74,"topk_value":0.8687949553471963},{"classname":"涉毒","grade":2,"type":"circle","name":"张海军","phone":"18853185255","pid":"1564540167668","id":"807d8aa150f233f4","x":458,"y":699,"color":"#E25D68","size":4,"rank":5,"hidden":false,"flag":false,"topk":75,"topk_value":0.8686325653055558},{"classname":"涉毒","grade":2,"type":"circle","name":"蔡蒙蒙","phone":"18953165006","pid":"1564540167668","id":"e1542eebc7b4d984","x":1304,"y":892,"color":"#E25D68","size":7,"rank":5,"hidden":false,"flag":false,"topk":25,"topk_value":0.9219846914576924},{"classname":"涉毒","grade":2,"type":"circle","name":"吴小华","phone":"15865281717","pid":"1564540167668","id":"bf33a6d664fe8677","x":992,"y":301,"color":"#E25D68","size":5,"rank":5,"hidden":false,"flag":false,"topk":65,"topk_value":0.8702016109218925},{"classname":"涉毒","grade":1,"type":"equilateral","name":"","phone":"16653159986","pid":"1564540167668","id":"cf53d6087edad6b6","x":860,"y":1001,"color":"#E25D68","size":10,"rank":5,"hidden":false,"flag":false,"topk":4,"topk_value":1.5591575397287942},{"classname":"涉毒","grade":2,"type":"circle","name":"","phone":"13455174487","pid":"1564540167668","id":"ed785503eedaafa8","x":1517,"y":1123,"color":"#E25D68","size":4,"rank":5,"hidden":false,"flag":false,"topk":73,"topk_value":0.8687949553471963},{"classname":"涉毒","grade":2,"type":"circle","name":"孟祥辉","phone":"15165416234","pid":"1564540167668","id":"824658bd2bb4d26e","x":1190,"y":645,"color":"#E25D68","size":6,"rank":5,"hidden":false,"flag":false,"topk":44,"topk_value":0.8806672081236792},{"classname":"涉毒","grade":2,"type":"circle","name":"","phone":"15066646229","pid":"1564540167668","id":"ca15329f085b0897","x":1631,"y":1225,"color":"#E25D68","size":5,"rank":5,"hidden":false,"flag":false,"topk":60,"topk_value":0.8708259856415537},{"classname":"涉毒","grade":1,"type":"equilateral","name":"","phone":"13256730382","pid":"1564540167668","id":"c3f5adf30c338b03","x":930,"y":1064,"color":"#E25D68","size":10,"rank":5,"hidden":false,"flag":false,"topk":8,"topk_value":1.3672175479192652}],"edges":[{"source":"fa060939f4f8d10b","target":"606a0ba1bc6ca9d8","id":"e1eae18702fbb60d","size":1,"hidden":false},{"source":"c3f5adf30c338b03","target":"bb61f52224432aee","id":"696afc0e480570c0","size":1,"hidden":false},{"source":"fa060939f4f8d10b","target":"f63fe4235c709b46","id":"f643482eb1a6de91","size":1,"hidden":false},{"source":"a6513b39af551268","target":"fe5e89d1219ca520","id":"ce8dc21c9c7e07b2","size":1,"hidden":false},{"source":"1a0bfcdaf16f639d","target":"7e806bd231f56a2f","id":"1129ea594fe14f02","size":22,"hidden":false},{"source":"fc937aadbe660eba","target":"9a8a8b96f041df59","id":"70bf08ea5cd51f93","size":1,"hidden":false},{"source":"daf199f8bc711a1d","target":"c3f5adf30c338b03","id":"9d0954c4b7262e25","size":1,"hidden":false},{"source":"1a0bfcdaf16f639d","target":"824658bd2bb4d26e","id":"54b64a68b0d7fe72","size":1,"hidden":false},{"source":"6924edcbcf8a4726","target":"19cf5025b2105647","id":"09aade76e36ea881","size":1,"hidden":false},{"source":"5c2b2d53847a12e6","target":"1a0bfcdaf16f639d","id":"15b7faccc987ea2f","size":11,"hidden":false},{"source":"affc349b48683bab","target":"203295b4664eccff","id":"c081bf3cf90ce3c5","size":8,"hidden":false},{"source":"64d101edddbe62e5","target":"fa060939f4f8d10b","id":"9cbae7847c3a16cc","size":1,"hidden":false},{"source":"25cc72e819363e2f","target":"dccfea1aefaf654a","id":"3e16a8f6fbe3e821","size":1,"hidden":false},{"source":"30e7d454894480fd","target":"fc937aadbe660eba","id":"c068c0797fac9e4c","size":10,"hidden":false},{"source":"7e806bd231f56a2f","target":"2deeea44185f83e1","id":"75099e92f95e1fdc","size":1,"hidden":false},{"source":"5c2b2d53847a12e6","target":"8d25b715987d6eac","id":"95bc7b2f5ca0d374","size":1,"hidden":false},{"source":"fc937aadbe660eba","target":"13299e66a9b286e7","id":"6aa2c8966b56c26d","size":1,"hidden":false},{"source":"fe5e89d1219ca520","target":"205093a9d861d170","id":"58f0ee130b94ed93","size":16,"hidden":false},{"source":"fa060939f4f8d10b","target":"1630b9410fb00da4","id":"3cd1de866219f40c","size":1,"hidden":false},{"source":"f7448292a7c6866d","target":"7e806bd231f56a2f","id":"ff99488c6e81a6c8","size":10,"hidden":false},{"source":"fc937aadbe660eba","target":"020c0367530bc947","id":"27832d0b641e8f68","size":1,"hidden":false},{"source":"daf199f8bc711a1d","target":"98aaaed4d9d8b83c","id":"9387f93e4fb23795","size":1,"hidden":false},{"source":"affc349b48683bab","target":"9f51bec5ac9ba677","id":"ced950d5b94739c8","size":1,"hidden":false},{"source":"fc937aadbe660eba","target":"25cc72e819363e2f","id":"4fe9bc8bff1f64da","size":7,"hidden":false},{"source":"f7448292a7c6866d","target":"f7448292a7c6866d","id":"2a03b1dc23f33ba4","size":31,"hidden":false},{"source":"cf53d6087edad6b6","target":"7e806bd231f56a2f","id":"bf40abdca3cf8632","size":14,"hidden":false},{"source":"1d9d3e11ef955136","target":"cf53d6087edad6b6","id":"1d5fdedd235d41ec","size":15,"hidden":false},{"source":"c3f5adf30c338b03","target":"fc937aadbe660eba","id":"b570fa7576bdacc5","size":23,"hidden":false},{"source":"64d101edddbe62e5","target":"82a331441aad11ef","id":"80e7037cbe0de000","size":1,"hidden":false},{"source":"53d93a95f3d52d70","target":"53d93a95f3d52d70","id":"7529a35089ad35cf","size":30,"hidden":false},{"source":"affc349b48683bab","target":"d5a5eb6dd2f2563a","id":"80677d089e5a77e1","size":1,"hidden":false},{"source":"203295b4664eccff","target":"6924edcbcf8a4726","id":"51d210fd298ccc17","size":18,"hidden":false},{"source":"82a331441aad11ef","target":"daf199f8bc711a1d","id":"1beadb47b030e76e","size":1,"hidden":false},{"source":"1d9d3e11ef955136","target":"c3f5adf30c338b03","id":"ee3108a8f8358265","size":8,"hidden":false},{"source":"756d9344921c3c34","target":"19cf5025b2105647","id":"330ef53ffecd07a0","size":1,"hidden":false},{"source":"1d9d3e11ef955136","target":"7e806bd231f56a2f","id":"2973279890822101","size":20,"hidden":false},{"source":"daf199f8bc711a1d","target":"3eb6e39e1693bf7c","id":"a7eb7e8b8e1523f5","size":1,"hidden":false},{"source":"daf199f8bc711a1d","target":"e1542eebc7b4d984","id":"27dc7ae5bc4b078d","size":1,"hidden":false},{"source":"30e7d454894480fd","target":"affc349b48683bab","id":"51194e4d6e455959","size":14,"hidden":false},{"source":"82a331441aad11ef","target":"fe5e89d1219ca520","id":"d883b130657c65e2","size":8,"hidden":false},{"source":"a66c7dbcfcef8b3e","target":"7157357d736c6063","id":"3a10d9a3c33d8cab","size":1,"hidden":false},{"source":"fc937aadbe660eba","target":"12fc89dc15f5b780","id":"cae22646eec59b71","size":1,"hidden":false},{"source":"6924edcbcf8a4726","target":"5c2b2d53847a12e6","id":"1f624b7d0163280c","size":9,"hidden":false},{"source":"c3f5adf30c338b03","target":"daf199f8bc711a1d","id":"5adaa46951f45f64","size":1,"hidden":false},{"source":"1a0bfcdaf16f639d","target":"5b974007c86390ba","id":"b264c255e1d0c2e5","size":1,"hidden":false},{"source":"7e806bd231f56a2f","target":"25cc72e819363e2f","id":"1d72416c3ffe180f","size":1,"hidden":false},{"source":"6924edcbcf8a4726","target":"0f9e87867974bf3c","id":"0eba8e5142d3c338","size":1,"hidden":false},{"source":"1a0bfcdaf16f639d","target":"2f10f9c68e4307dd","id":"257766d05fec1843","size":7,"hidden":false},{"source":"affc349b48683bab","target":"82a331441aad11ef","id":"2667d0acfda9be2b","size":33,"hidden":false},{"source":"a66c7dbcfcef8b3e","target":"64d101edddbe62e5","id":"6666fb3d3027372f","size":1,"hidden":false},{"source":"daf199f8bc711a1d","target":"fe5e89d1219ca520","id":"5c3d265b07c0e8d8","size":12,"hidden":false},{"source":"6924edcbcf8a4726","target":"a743b21eb1a20649","id":"43b9b65c29a05cc1","size":1,"hidden":false},{"source":"fa060939f4f8d10b","target":"ed785503eedaafa8","id":"9f1af0ab95c12c7a","size":1,"hidden":false},{"source":"25cc72e819363e2f","target":"64d101edddbe62e5","id":"e5ab49cd5b41fd26","size":1,"hidden":false},{"source":"c3f5adf30c338b03","target":"824658bd2bb4d26e","id":"126a235ffb3402d3","size":1,"hidden":false},{"source":"fc937aadbe660eba","target":"72d98d50d7e9bfeb","id":"8c886970bf233bf6","size":1,"hidden":false},{"source":"daf199f8bc711a1d","target":"bf33a6d664fe8677","id":"eae84e7d3c3bcddc","size":1,"hidden":false},{"source":"1a0bfcdaf16f639d","target":"fe5e89d1219ca520","id":"fbd0d0586cf8e75d","size":10,"hidden":false},{"source":"7e806bd231f56a2f","target":"76ed8f421971c8ec","id":"84a8e693d7c48935","size":1,"hidden":false},{"source":"affc349b48683bab","target":"cf6129524f9a1a31","id":"1b510c7f00427ec9","size":1,"hidden":false},{"source":"6924edcbcf8a4726","target":"f96a9cd169cf450d","id":"ccd4d16ada39c2c8","size":1,"hidden":false},{"source":"6924edcbcf8a4726","target":"6924edcbcf8a4726","id":"5d33c5ee8c91aed0","size":171,"hidden":false},{"source":"1d9d3e11ef955136","target":"1d9d3e11ef955136","id":"0af089d8c5278c0a","size":69,"hidden":false},{"source":"c3f5adf30c338b03","target":"7e806bd231f56a2f","id":"d76c2622b9f538c2","size":65,"hidden":false},{"source":"2f10f9c68e4307dd","target":"25cc72e819363e2f","id":"91a3b8bbd0e7a9af","size":1,"hidden":false},{"source":"daf199f8bc711a1d","target":"daf199f8bc711a1d","id":"ef6506fda8e659b8","size":145,"hidden":false},{"source":"daf199f8bc711a1d","target":"affc349b48683bab","id":"7cb2b0461f4ec8d2","size":18,"hidden":false},{"source":"6924edcbcf8a4726","target":"cf53d6087edad6b6","id":"0a2313bd40ab3961","size":16,"hidden":false},{"source":"cf53d6087edad6b6","target":"756d9344921c3c34","id":"48d111c07594e185","size":16,"hidden":false},{"source":"fe5e89d1219ca520","target":"a6513b39af551268","id":"40790071df6ef42e","size":9,"hidden":false},{"source":"affc349b48683bab","target":"fa060939f4f8d10b","id":"35c37f09ad30188d","size":18,"hidden":false},{"source":"c3f5adf30c338b03","target":"76ed8f421971c8ec","id":"b3ce46baef4d3c23","size":7,"hidden":false},{"source":"fe5e89d1219ca520","target":"30e7d454894480fd","id":"04d3439d3568bff4","size":17,"hidden":false},{"source":"cf53d6087edad6b6","target":"a1d4f1cceef61e0c","id":"f6731dc2d08afe47","size":1,"hidden":false},{"source":"ec219aa64cbf10b3","target":"ec219aa64cbf10b3","id":"fc029332eb489560","size":10,"hidden":false},{"source":"a5c73bdd3ee46637","target":"7e806bd231f56a2f","id":"e6c98a6108b7fecc","size":8,"hidden":false},{"source":"fc937aadbe660eba","target":"76ed8f421971c8ec","id":"f1870a0edc47924a","size":22,"hidden":false},{"source":"76ed8f421971c8ec","target":"fc937aadbe660eba","id":"dbdcebeaa514c53e","size":22,"hidden":false},{"source":"5c2b2d53847a12e6","target":"f96a9cd169cf450d","id":"0958912d3ef5c7f8","size":1,"hidden":false},{"source":"fa060939f4f8d10b","target":"9a8a8b96f041df59","id":"c687c1dc54c543cc","size":1,"hidden":false},{"source":"a66c7dbcfcef8b3e","target":"ef8d20d0af8b709b","id":"8ec78a670c73d22a","size":1,"hidden":false},{"source":"a5c73bdd3ee46637","target":"a5c73bdd3ee46637","id":"29d8e8ff3db7afaf","size":155,"hidden":false},{"source":"1a0bfcdaf16f639d","target":"e1542eebc7b4d984","id":"63e14d5d6697ecfd","size":1,"hidden":false},{"source":"fa060939f4f8d10b","target":"87a4e1db54c5af58","id":"7f5ae5f38cb48124","size":1,"hidden":false},{"source":"25cc72e819363e2f","target":"b9eb16987ad4fb89","id":"427cdc5ac8c051a5","size":1,"hidden":false},{"source":"25cc72e819363e2f","target":"cf53d6087edad6b6","id":"ccae9229f85b11c5","size":72,"hidden":false},{"source":"5c2b2d53847a12e6","target":"6924edcbcf8a4726","id":"b861cd79b064e561","size":9,"hidden":false},{"source":"fc937aadbe660eba","target":"b9eb16987ad4fb89","id":"fe26e2b3d0ec565a","size":1,"hidden":false},{"source":"6924edcbcf8a4726","target":"6435337cf187e2c9","id":"e7e314d7a2037ce0","size":1,"hidden":false},{"source":"affc349b48683bab","target":"f96a9cd169cf450d","id":"abee85ceff833218","size":1,"hidden":false},{"source":"cf53d6087edad6b6","target":"c3f5adf30c338b03","id":"de5fe3e35b29f7da","size":48,"hidden":false},{"source":"76ed8f421971c8ec","target":"5ea3d0d3acfa48f3","id":"e2585f7b7313ffad","size":1,"hidden":false},{"source":"a66c7dbcfcef8b3e","target":"ca15329f085b0897","id":"8f69eccc1635a017","size":1,"hidden":false},{"source":"7e806bd231f56a2f","target":"756d9344921c3c34","id":"6fb9fc57d4d1a9f5","size":1,"hidden":false},{"source":"affc349b48683bab","target":"a743b21eb1a20649","id":"11f458d6e923841d","size":1,"hidden":false},{"source":"cf53d6087edad6b6","target":"80520bb864c5db64","id":"eba73aeb5f33b3c0","size":1,"hidden":false},{"source":"64d101edddbe62e5","target":"25cc72e819363e2f","id":"be5b69894880ef67","size":1,"hidden":false},{"source":"fa060939f4f8d10b","target":"fa060939f4f8d10b","id":"52e8e0c108fef647","size":250,"hidden":false},{"source":"affc349b48683bab","target":"6924edcbcf8a4726","id":"17a2d8630fb6c0f4","size":57,"hidden":false},{"source":"7e806bd231f56a2f","target":"2f10f9c68e4307dd","id":"6318a79a60442889","size":1,"hidden":false},{"source":"7e806bd231f56a2f","target":"a66c7dbcfcef8b3e","id":"608eb84386500e99","size":1,"hidden":false},{"source":"2f10f9c68e4307dd","target":"9a8a8b96f041df59","id":"55201b57ffbe9b16","size":1,"hidden":false},{"source":"fa060939f4f8d10b","target":"8d25b715987d6eac","id":"03752dd3eb2d5467","size":1,"hidden":false},{"source":"a66c7dbcfcef8b3e","target":"affc349b48683bab","id":"97292a65739a2863","size":9,"hidden":false},{"source":"76ed8f421971c8ec","target":"c3f5adf30c338b03","id":"a693baba830660e9","size":7,"hidden":false},{"source":"76ed8f421971c8ec","target":"7e806bd231f56a2f","id":"edea7a343b4acfb0","size":7,"hidden":false},{"source":"fc937aadbe660eba","target":"3d0cb9679da2d4a1","id":"552d687742b483c2","size":1,"hidden":false},{"source":"82a331441aad11ef","target":"fa060939f4f8d10b","id":"11eeef916b831a69","size":12,"hidden":false},{"source":"25cc72e819363e2f","target":"203295b4664eccff","id":"e042d61aee9c8dea","size":1,"hidden":false},{"source":"64d101edddbe62e5","target":"6924edcbcf8a4726","id":"cc40227fb2ac0a2f","size":1,"hidden":false},{"source":"6924edcbcf8a4726","target":"ad2ec69d24c7edc1","id":"93ebe07ab218e434","size":1,"hidden":false},{"source":"203295b4664eccff","target":"25cc72e819363e2f","id":"5fc95064172f2f69","size":1,"hidden":false},{"source":"64d101edddbe62e5","target":"affc349b48683bab","id":"018ebb807c4ccfd2","size":1,"hidden":false},{"source":"fc937aadbe660eba","target":"fe5e89d1219ca520","id":"1eb46a594a0d7261","size":1,"hidden":false},{"source":"205093a9d861d170","target":"fe5e89d1219ca520","id":"caaff908f7b4bbe8","size":7,"hidden":false},{"source":"fe5e89d1219ca520","target":"fe5e89d1219ca520","id":"811f17259d19f539","size":262,"hidden":false},{"source":"affc349b48683bab","target":"0f9e87867974bf3c","id":"87da94a88eda4ca7","size":1,"hidden":false},{"source":"19cf5025b2105647","target":"76ed8f421971c8ec","id":"f320bd82eceaea9d","size":1,"hidden":false},{"source":"6924edcbcf8a4726","target":"30e7d454894480fd","id":"b81e325dbdaee219","size":1,"hidden":false},{"source":"7fbe58b1dc26b901","target":"e4ff7716fd62b22a","id":"fa22f1a5230fb16b","size":8,"hidden":false},{"source":"fe5e89d1219ca520","target":"affc349b48683bab","id":"a0135144d046cea9","size":72,"hidden":false},{"source":"1a0bfcdaf16f639d","target":"ba45dc168c17707f","id":"b276cbd6823b04cc","size":1,"hidden":false},{"source":"fc937aadbe660eba","target":"a743b21eb1a20649","id":"ac3653ae5d1b8f57","size":1,"hidden":false},{"source":"fe5e89d1219ca520","target":"fc937aadbe660eba","id":"f5e068b7d842ebce","size":1,"hidden":false},{"source":"25cc72e819363e2f","target":"977396656c7dae84","id":"eb4f8f0b9aa6a367","size":1,"hidden":false},{"source":"2f10f9c68e4307dd","target":"a1d4f1cceef61e0c","id":"39c9184995acc2bc","size":1,"hidden":false},{"source":"a66c7dbcfcef8b3e","target":"fe5e89d1219ca520","id":"39151b4c026ee14f","size":11,"hidden":false},{"source":"fa060939f4f8d10b","target":"1a0bfcdaf16f639d","id":"673f3646af151751","size":12,"hidden":false},{"source":"30e7d454894480fd","target":"a848b0faa9513459","id":"f9596cb4916dbed1","size":1,"hidden":false},{"source":"1d9d3e11ef955136","target":"fc937aadbe660eba","id":"b0031e525e581efa","size":1,"hidden":false},{"source":"2f10f9c68e4307dd","target":"1a0bfcdaf16f639d","id":"a11c25ec4999f0c1","size":7,"hidden":false},{"source":"6924edcbcf8a4726","target":"203295b4664eccff","id":"90fa88303f3ca643","size":18,"hidden":false},{"source":"1a0bfcdaf16f639d","target":"64d101edddbe62e5","id":"f799e5978a4d2f93","size":1,"hidden":false},{"source":"fc937aadbe660eba","target":"6924edcbcf8a4726","id":"bbff66242a4dafcf","size":34,"hidden":false},{"source":"82a331441aad11ef","target":"82a331441aad11ef","id":"3b76ca28347da840","size":164,"hidden":false},{"source":"2f10f9c68e4307dd","target":"7e806bd231f56a2f","id":"43fdd64aba132399","size":11,"hidden":false},{"source":"fa060939f4f8d10b","target":"ca15329f085b0897","id":"48aeb580fe64fef5","size":1,"hidden":false},{"source":"fa060939f4f8d10b","target":"a66c7dbcfcef8b3e","id":"d37a20be73774862","size":212,"hidden":false},{"source":"fa060939f4f8d10b","target":"80520bb864c5db64","id":"4988d6268d39b626","size":1,"hidden":false},{"source":"82a331441aad11ef","target":"64d101edddbe62e5","id":"0ee90ed74b2facb0","size":1,"hidden":false},{"source":"c3f5adf30c338b03","target":"1d9d3e11ef955136","id":"55ed8f1f27963a05","size":8,"hidden":false},{"source":"affc349b48683bab","target":"87a4e1db54c5af58","id":"66e8d29de70359c4","size":1,"hidden":false},{"source":"cf53d6087edad6b6","target":"64d101edddbe62e5","id":"09fc836dc53755a7","size":1,"hidden":false},{"source":"64d101edddbe62e5","target":"fe5e89d1219ca520","id":"3d295211db9c1716","size":1,"hidden":false},{"source":"cf53d6087edad6b6","target":"fa060939f4f8d10b","id":"52616a2e367525aa","size":22,"hidden":false},{"source":"1a0bfcdaf16f639d","target":"1d9d3e11ef955136","id":"a67bab6281613c3f","size":1,"hidden":false},{"source":"1a0bfcdaf16f639d","target":"5ea3d0d3acfa48f3","id":"03b159905331cb67","size":1,"hidden":false},{"source":"64d101edddbe62e5","target":"fc937aadbe660eba","id":"707021f2e4cf6f61","size":1,"hidden":false},{"source":"fa060939f4f8d10b","target":"daf199f8bc711a1d","id":"a1ecf4bac4edc61b","size":46,"hidden":false},{"source":"7e806bd231f56a2f","target":"6924edcbcf8a4726","id":"a49fb66650b47001","size":1,"hidden":false},{"source":"cf53d6087edad6b6","target":"87a4e1db54c5af58","id":"9b05aeab2ffcc8b9","size":1,"hidden":false},{"source":"25cc72e819363e2f","target":"1d9d3e11ef955136","id":"b1403569d1552628","size":12,"hidden":false},{"source":"affc349b48683bab","target":"64d101edddbe62e5","id":"91d29a1577c9db3e","size":1,"hidden":false},{"source":"30e7d454894480fd","target":"fa060939f4f8d10b","id":"5fdc0fb73b9588e0","size":1,"hidden":false},{"source":"a66c7dbcfcef8b3e","target":"fc937aadbe660eba","id":"e39b296c48965f1c","size":30,"hidden":false},{"source":"a66c7dbcfcef8b3e","target":"12fc89dc15f5b780","id":"ee02174c352ad742","size":1,"hidden":false},{"source":"25cc72e819363e2f","target":"807d8aa150f233f4","id":"e3bb68f90b202289","size":1,"hidden":false},{"source":"82a331441aad11ef","target":"ba45dc168c17707f","id":"62adf200ac2d21d7","size":1,"hidden":false},{"source":"7e806bd231f56a2f","target":"fc937aadbe660eba","id":"42a3328baa81fc27","size":1,"hidden":false},{"source":"7e806bd231f56a2f","target":"203295b4664eccff","id":"5bb469f7f0db8cbb","size":1,"hidden":false},{"source":"cf53d6087edad6b6","target":"daf199f8bc711a1d","id":"d2871d151ead44c3","size":11,"hidden":false},{"source":"cf53d6087edad6b6","target":"cf53d6087edad6b6","id":"383125a77964ff5e","size":130,"hidden":false},{"source":"cf53d6087edad6b6","target":"d03ddf483463046e","id":"df1753cdbbd517d2","size":1,"hidden":false},{"source":"daf199f8bc711a1d","target":"cf53d6087edad6b6","id":"2359585ce3dac5a1","size":11,"hidden":false},{"source":"6924edcbcf8a4726","target":"13299e66a9b286e7","id":"939d63e53dafe884","size":1,"hidden":false},{"source":"1a0bfcdaf16f639d","target":"affc349b48683bab","id":"a2c850b90b6d1c82","size":47,"hidden":false},{"source":"76ed8f421971c8ec","target":"6924edcbcf8a4726","id":"d0cd82fd6c81ebac","size":1,"hidden":false},{"source":"affc349b48683bab","target":"affc349b48683bab","id":"06ae26df16a16565","size":212,"hidden":false},{"source":"fe5e89d1219ca520","target":"64d101edddbe62e5","id":"1dbe6f7318e95ae8","size":14,"hidden":false},{"source":"1a0bfcdaf16f639d","target":"dc30d7c56b974cbd","id":"87f81a25d7bfbb99","size":1,"hidden":false},{"source":"82a331441aad11ef","target":"ad2ec69d24c7edc1","id":"78ebfd768341556d","size":1,"hidden":false},{"source":"30e7d454894480fd","target":"30e7d454894480fd","id":"83c81d42789600ea","size":70,"hidden":false},{"source":"6924edcbcf8a4726","target":"dc30d7c56b974cbd","id":"70aa5c52d53aab32","size":1,"hidden":false},{"source":"cf53d6087edad6b6","target":"dccfea1aefaf654a","id":"8db36931ed61c50d","size":1,"hidden":false},{"source":"1a0bfcdaf16f639d","target":"99c92eef81131cb8","id":"eedbb62e787fbb2a","size":1,"hidden":false},{"source":"affc349b48683bab","target":"98aaaed4d9d8b83c","id":"a5eda7b93a6efd19","size":1,"hidden":false},{"source":"fc937aadbe660eba","target":"1d9d3e11ef955136","id":"694b923afa8e4c68","size":1,"hidden":false},{"source":"1d9d3e11ef955136","target":"9a8a8b96f041df59","id":"7e4e1002ffee2bdd","size":1,"hidden":false},{"source":"6924edcbcf8a4726","target":"64d101edddbe62e5","id":"742dbb531d66b516","size":1,"hidden":false},{"source":"c3f5adf30c338b03","target":"203295b4664eccff","id":"804b4720c5f53824","size":17,"hidden":false},{"source":"7e806bd231f56a2f","target":"fe5e89d1219ca520","id":"f85cabaddc741433","size":7,"hidden":false},{"source":"fc937aadbe660eba","target":"a00aa36868423e0d","id":"dbdf7efbd91f824a","size":1,"hidden":false},{"source":"1d9d3e11ef955136","target":"25cc72e819363e2f","id":"efbe28a6bfbd8f9a","size":12,"hidden":false},{"source":"1d9d3e11ef955136","target":"b9eb16987ad4fb89","id":"ead903cafd303900","size":1,"hidden":false},{"source":"756d9344921c3c34","target":"cf53d6087edad6b6","id":"b455901e11b7a92d","size":16,"hidden":false},{"source":"daf199f8bc711a1d","target":"fa060939f4f8d10b","id":"30b4827e473aab32","size":46,"hidden":false},{"source":"203295b4664eccff","target":"203295b4664eccff","id":"8ac1736c986a5e6a","size":99,"hidden":false},{"source":"25cc72e819363e2f","target":"3d0cb9679da2d4a1","id":"37a09e1395b5dc01","size":1,"hidden":false},{"source":"76ed8f421971c8ec","target":"76ed8f421971c8ec","id":"d41636a38d9ac75c","size":83,"hidden":false},{"source":"fc937aadbe660eba","target":"b74fb290a8b86e4a","id":"ab5af870d9efeb8b","size":1,"hidden":false},{"source":"19cf5025b2105647","target":"6924edcbcf8a4726","id":"6f7423e4ffb808e3","size":1,"hidden":false},{"source":"756d9344921c3c34","target":"dccfea1aefaf654a","id":"dbda5d079635ab66","size":1,"hidden":false},{"source":"5c2b2d53847a12e6","target":"5c2b2d53847a12e6","id":"7cb2fd84931a21cd","size":206,"hidden":false},{"source":"1a0bfcdaf16f639d","target":"020c0367530bc947","id":"376fe0347976747e","size":1,"hidden":false},{"source":"25cc72e819363e2f","target":"020c0367530bc947","id":"c8b90fce90c19fad","size":1,"hidden":false},{"source":"7e806bd231f56a2f","target":"19cf5025b2105647","id":"9f2b5fad61b28987","size":1,"hidden":false},{"source":"7e806bd231f56a2f","target":"1d9d3e11ef955136","id":"dd9dc83bde70658e","size":1,"hidden":false},{"source":"affc349b48683bab","target":"ad2ec69d24c7edc1","id":"abb5dd23bb5175b1","size":1,"hidden":false},{"source":"affc349b48683bab","target":"bf33a6d664fe8677","id":"b8b529b3015a60e3","size":1,"hidden":false},{"source":"7fbe58b1dc26b901","target":"7fbe58b1dc26b901","id":"edcc3f1433906f6a","size":23,"hidden":false},{"source":"82a331441aad11ef","target":"affc349b48683bab","id":"972a92ee955d3cc7","size":33,"hidden":false},{"source":"25cc72e819363e2f","target":"fc937aadbe660eba","id":"6cf6ba0f4e394bab","size":7,"hidden":false},{"source":"19cf5025b2105647","target":"c3f5adf30c338b03","id":"b4da9aa577986f61","size":24,"hidden":false},{"source":"a66c7dbcfcef8b3e","target":"1630b9410fb00da4","id":"6fd0c74c94dc34d9","size":1,"hidden":false},{"source":"affc349b48683bab","target":"6435337cf187e2c9","id":"507bd92f95feca3d","size":1,"hidden":false},{"source":"fe5e89d1219ca520","target":"82a331441aad11ef","id":"8551d183d5968ec2","size":14,"hidden":false},{"source":"19cf5025b2105647","target":"f7448292a7c6866d","id":"32592d1ae2cdcad7","size":9,"hidden":false},{"source":"fa060939f4f8d10b","target":"f3ae3eaaf869127a","id":"a0f0ac5686ef370d","size":1,"hidden":false},{"source":"2f10f9c68e4307dd","target":"64d101edddbe62e5","id":"cde8c02d8f7932f9","size":1,"hidden":false},{"source":"5c2b2d53847a12e6","target":"e1542eebc7b4d984","id":"6b65f3f08c52569f","size":1,"hidden":false},{"source":"30e7d454894480fd","target":"5c2b2d53847a12e6","id":"767371b9d0d3db08","size":12,"hidden":false},{"source":"fc937aadbe660eba","target":"cf53d6087edad6b6","id":"dccb1f789499ea97","size":70,"hidden":false},{"source":"6924edcbcf8a4726","target":"76ed8f421971c8ec","id":"cdb4b5275c8b0e41","size":1,"hidden":false},{"source":"30e7d454894480fd","target":"f96a9cd169cf450d","id":"ac96ea7135e93591","size":1,"hidden":false},{"source":"6924edcbcf8a4726","target":"a00aa36868423e0d","id":"09b6977e00fde297","size":1,"hidden":false},{"source":"a5c73bdd3ee46637","target":"977396656c7dae84","id":"56a4acd3189c91bb","size":1,"hidden":false},{"source":"5c2b2d53847a12e6","target":"3eb6e39e1693bf7c","id":"6d0d294fc744c0cd","size":1,"hidden":false},{"source":"76ed8f421971c8ec","target":"19cf5025b2105647","id":"77bc73a3de05b912","size":1,"hidden":false},{"source":"82a331441aad11ef","target":"8d25b715987d6eac","id":"5940e8efcd816e8b","size":1,"hidden":false},{"source":"a66c7dbcfcef8b3e","target":"9a8a8b96f041df59","id":"5b44043183a03f63","size":1,"hidden":false},{"source":"203295b4664eccff","target":"affc349b48683bab","id":"f29e17ef3c4dab64","size":8,"hidden":false},{"source":"c3f5adf30c338b03","target":"6924edcbcf8a4726","id":"cf78b98cc0383da1","size":45,"hidden":false},{"source":"a66c7dbcfcef8b3e","target":"fa060939f4f8d10b","id":"7883dc5294a983e3","size":212,"hidden":false},{"source":"30e7d454894480fd","target":"6924edcbcf8a4726","id":"930c37736e0f1293","size":1,"hidden":false},{"source":"fa060939f4f8d10b","target":"64d101edddbe62e5","id":"e9a6eaffdbaff6e0","size":1,"hidden":false},{"source":"fa060939f4f8d10b","target":"7157357d736c6063","id":"30800a38516c2839","size":1,"hidden":false},{"source":"2deeea44185f83e1","target":"7e806bd231f56a2f","id":"88da9aa14440bf35","size":34,"hidden":false},{"source":"fc937aadbe660eba","target":"30e7d454894480fd","id":"0e60d15b0d88acd7","size":10,"hidden":false},{"source":"fa060939f4f8d10b","target":"cf53d6087edad6b6","id":"5e7b1e24e31bab8f","size":22,"hidden":false},{"source":"a66c7dbcfcef8b3e","target":"dd84734e6d03cc6c","id":"ef671cba4ac574e0","size":1,"hidden":false},{"source":"a5c73bdd3ee46637","target":"1630b9410fb00da4","id":"67bcdc95e4f087e1","size":1,"hidden":false},{"source":"53d93a95f3d52d70","target":"7e806bd231f56a2f","id":"561a17ef79ef69f1","size":7,"hidden":false},{"source":"7e806bd231f56a2f","target":"ec219aa64cbf10b3","id":"6bfa559d275dc43b","size":1,"hidden":false},{"source":"c3f5adf30c338b03","target":"19cf5025b2105647","id":"5cb26b4176dcc02c","size":24,"hidden":false},{"source":"5c2b2d53847a12e6","target":"fe5e89d1219ca520","id":"bf4cf914a213a8d3","size":7,"hidden":false},{"source":"fe5e89d1219ca520","target":"fa060939f4f8d10b","id":"05600c206944c50a","size":27,"hidden":false},{"source":"82a331441aad11ef","target":"d5a5eb6dd2f2563a","id":"a4c24d6343ee271f","size":1,"hidden":false},{"source":"a66c7dbcfcef8b3e","target":"606a0ba1bc6ca9d8","id":"b3ae40b0c4cbaace","size":1,"hidden":false},{"source":"7e806bd231f56a2f","target":"cf53d6087edad6b6","id":"360b73107eb11e11","size":1,"hidden":false},{"source":"cf53d6087edad6b6","target":"b9eb16987ad4fb89","id":"85217ed01c84ec14","size":1,"hidden":false},{"source":"a66c7dbcfcef8b3e","target":"f63fe4235c709b46","id":"0e46602623146a94","size":1,"hidden":false},{"source":"25cc72e819363e2f","target":"a00aa36868423e0d","id":"6543a19c74fe6741","size":1,"hidden":false},{"source":"1a0bfcdaf16f639d","target":"82a331441aad11ef","id":"053bcadc6bda7a45","size":10,"hidden":false},{"source":"fc937aadbe660eba","target":"c3f5adf30c338b03","id":"89267775ff1c59cc","size":23,"hidden":false},{"source":"2f10f9c68e4307dd","target":"dccfea1aefaf654a","id":"77d8f8fdab8b22b9","size":1,"hidden":false},{"source":"5c2b2d53847a12e6","target":"daf199f8bc711a1d","id":"1b5be8153577fa89","size":36,"hidden":false},{"source":"82a331441aad11ef","target":"cf6129524f9a1a31","id":"1e34e8d72b2160cb","size":1,"hidden":false},{"source":"19cf5025b2105647","target":"7e806bd231f56a2f","id":"8168e8b125c4179e","size":27,"hidden":false},{"source":"25cc72e819363e2f","target":"2f10f9c68e4307dd","id":"8aac43f2867b1f38","size":1,"hidden":false},{"source":"6924edcbcf8a4726","target":"affc349b48683bab","id":"285fb3db5ce73ef1","size":57,"hidden":false},{"source":"1a0bfcdaf16f639d","target":"13299e66a9b286e7","id":"cfb22309ae9298d2","size":1,"hidden":false},{"source":"fa060939f4f8d10b","target":"dccfea1aefaf654a","id":"8218fb7e8e9726a8","size":1,"hidden":false},{"source":"19cf5025b2105647","target":"756d9344921c3c34","id":"18ded9048c5121ad","size":1,"hidden":false},{"source":"fa060939f4f8d10b","target":"0dbf38d9104d879c","id":"82099b013a7912cc","size":1,"hidden":false},{"source":"cf53d6087edad6b6","target":"3d0cb9679da2d4a1","id":"7b673f4b249bb5ef","size":1,"hidden":false},{"source":"25cc72e819363e2f","target":"e1542eebc7b4d984","id":"54aa097c4185c82f","size":1,"hidden":false},{"source":"1a0bfcdaf16f639d","target":"fa060939f4f8d10b","id":"019d725b986c2ed8","size":12,"hidden":false},{"source":"5c2b2d53847a12e6","target":"e5ceeb0dd51ff608","id":"0420f233fc655a41","size":1,"hidden":false},{"source":"1d9d3e11ef955136","target":"1a0bfcdaf16f639d","id":"5eec97a8fd9fcedd","size":1,"hidden":false},{"source":"daf199f8bc711a1d","target":"020c0367530bc947","id":"5a9600d5bcd0854c","size":1,"hidden":false},{"source":"daf199f8bc711a1d","target":"82a331441aad11ef","id":"bfbbf98b73da58b7","size":1,"hidden":false},{"source":"6924edcbcf8a4726","target":"bb61f52224432aee","id":"33b468316656e908","size":1,"hidden":false},{"source":"5c2b2d53847a12e6","target":"cf53d6087edad6b6","id":"0b5e235841c67d81","size":29,"hidden":false},{"source":"203295b4664eccff","target":"7e806bd231f56a2f","id":"ec790dd5f37faeaa","size":20,"hidden":false},{"source":"1a0bfcdaf16f639d","target":"9f51bec5ac9ba677","id":"81558a41c933c05f","size":1,"hidden":false},{"source":"cf53d6087edad6b6","target":"5c2b2d53847a12e6","id":"ed4bb1e9ee464109","size":29,"hidden":false},{"source":"affc349b48683bab","target":"fe5e89d1219ca520","id":"97ef7119fe266eeb","size":38,"hidden":false},{"source":"fa060939f4f8d10b","target":"30e7d454894480fd","id":"7543a5436a255cb1","size":1,"hidden":false},{"source":"2f10f9c68e4307dd","target":"2b299c64a56ed708","id":"e563a2e2fda215ea","size":1,"hidden":false},{"source":"7e806bd231f56a2f","target":"a5c73bdd3ee46637","id":"6d5018652bfca2b3","size":1,"hidden":false},{"source":"f7448292a7c6866d","target":"19cf5025b2105647","id":"e96ef876a8abd96c","size":9,"hidden":false},{"source":"fc937aadbe660eba","target":"7e806bd231f56a2f","id":"0adf71abccfabf10","size":18,"hidden":false},{"source":"daf199f8bc711a1d","target":"5c2b2d53847a12e6","id":"d5b96d17eedda592","size":36,"hidden":false},{"source":"1a0bfcdaf16f639d","target":"ef8d20d0af8b709b","id":"33df7404eb58985e","size":1,"hidden":false},{"source":"6924edcbcf8a4726","target":"daf199f8bc711a1d","id":"cbcad614763e37bf","size":8,"hidden":false},{"source":"7e806bd231f56a2f","target":"7e806bd231f56a2f","id":"e27ed24854f8037f","size":92,"hidden":false},{"source":"fc937aadbe660eba","target":"2f10f9c68e4307dd","id":"3c41e84489ce277c","size":27,"hidden":false},{"source":"fe5e89d1219ca520","target":"6924edcbcf8a4726","id":"ca2b2a49a7158ee0","size":16,"hidden":false},{"source":"1a0bfcdaf16f639d","target":"ed785503eedaafa8","id":"dd22f4ee0fad4850","size":1,"hidden":false},{"source":"1d9d3e11ef955136","target":"3d0cb9679da2d4a1","id":"5cbafd119904d91c","size":1,"hidden":false},{"source":"25cc72e819363e2f","target":"824658bd2bb4d26e","id":"dc48c1647e25629e","size":1,"hidden":false},{"source":"5c2b2d53847a12e6","target":"30e7d454894480fd","id":"d95bc491ca5a1a8a","size":12,"hidden":false},{"source":"6924edcbcf8a4726","target":"6c7d57d189556e5a","id":"ac1c6c99ade9982d","size":1,"hidden":false},{"source":"6924edcbcf8a4726","target":"fc937aadbe660eba","id":"adc6711d6f269a6d","size":34,"hidden":false},{"source":"64d101edddbe62e5","target":"cf53d6087edad6b6","id":"bc4c4abb62f9a6c6","size":1,"hidden":false},{"source":"6924edcbcf8a4726","target":"e5ceeb0dd51ff608","id":"5afd7cdfad092bb9","size":1,"hidden":false},{"source":"fc937aadbe660eba","target":"64d101edddbe62e5","id":"fa1b43cf065df747","size":1,"hidden":false},{"source":"cf53d6087edad6b6","target":"807d8aa150f233f4","id":"307ea1cef487f86e","size":1,"hidden":false},{"source":"6924edcbcf8a4726","target":"fe5e89d1219ca520","id":"0083b5bf0846ead1","size":8,"hidden":false},{"source":"cf53d6087edad6b6","target":"12fc89dc15f5b780","id":"4c0229c1f7b7da61","size":1,"hidden":false},{"source":"7fbe58b1dc26b901","target":"7e806bd231f56a2f","id":"b8d05029b320bd5c","size":7,"hidden":false},{"source":"fa060939f4f8d10b","target":"ef8d20d0af8b709b","id":"1a7fe450b5364db4","size":1,"hidden":false},{"source":"1a0bfcdaf16f639d","target":"6924edcbcf8a4726","id":"296802401029a5c4","size":19,"hidden":false},{"source":"25cc72e819363e2f","target":"30e7d454894480fd","id":"a97187ccbdff4235","size":27,"hidden":false},{"source":"e4ff7716fd62b22a","target":"7e806bd231f56a2f","id":"4709ae980ced3538","size":53,"hidden":false},{"source":"1a0bfcdaf16f639d","target":"25cc72e819363e2f","id":"c81c53098dd50f84","size":39,"hidden":false},{"source":"1a0bfcdaf16f639d","target":"0f9e87867974bf3c","id":"c007872185bba767","size":1,"hidden":false},{"source":"c3f5adf30c338b03","target":"9f51bec5ac9ba677","id":"9e4994300da3903e","size":1,"hidden":false},{"source":"25cc72e819363e2f","target":"0b56895c279355d1","id":"810cdaba9b65c5d1","size":1,"hidden":false},{"source":"82a331441aad11ef","target":"b9f8b1d75b1686de","id":"5094fc2d0f3d9248","size":1,"hidden":false},{"source":"1a0bfcdaf16f639d","target":"b9f8b1d75b1686de","id":"9aa24218f08af6c5","size":1,"hidden":false},{"source":"7e806bd231f56a2f","target":"f7448292a7c6866d","id":"23b7f9873a11e90a","size":1,"hidden":false},{"source":"affc349b48683bab","target":"e1542eebc7b4d984","id":"dfff6b9f18555425","size":1,"hidden":false},{"source":"affc349b48683bab","target":"30e7d454894480fd","id":"9c7cd425444401fb","size":14,"hidden":false},{"source":"c3f5adf30c338b03","target":"72d98d50d7e9bfeb","id":"b28d5ebe1191bb21","size":1,"hidden":false},{"source":"daf199f8bc711a1d","target":"44e4fe4995b3144e","id":"91186fd69fe5ec53","size":1,"hidden":false},{"source":"64d101edddbe62e5","target":"2f10f9c68e4307dd","id":"4abf802f0fef43c1","size":1,"hidden":false},{"source":"c3f5adf30c338b03","target":"cf53d6087edad6b6","id":"f70f42779f25230e","size":48,"hidden":false},{"source":"fc937aadbe660eba","target":"a66c7dbcfcef8b3e","id":"c21249babac3b2f7","size":30,"hidden":false},{"source":"affc349b48683bab","target":"5d7f6f4dbee7a91f","id":"c65e66ecf9cc6573","size":1,"hidden":false},{"source":"daf199f8bc711a1d","target":"0b56895c279355d1","id":"7c3323ddb0138bb0","size":1,"hidden":false},{"source":"c3f5adf30c338b03","target":"9a8a8b96f041df59","id":"498e42b0805046bd","size":1,"hidden":false},{"source":"fe5e89d1219ca520","target":"daf199f8bc711a1d","id":"a60a78f2ac7a1b20","size":21,"hidden":false},{"source":"1d9d3e11ef955136","target":"dccfea1aefaf654a","id":"b13a76d8f1f6ee02","size":1,"hidden":false},{"source":"30e7d454894480fd","target":"25cc72e819363e2f","id":"4ff82b1ebb21cd00","size":27,"hidden":false},{"source":"5c2b2d53847a12e6","target":"64d101edddbe62e5","id":"cb06d50a00a8abc5","size":1,"hidden":false},{"source":"fa060939f4f8d10b","target":"f96a9cd169cf450d","id":"40c89866f459edc9","size":1,"hidden":false},{"source":"1a0bfcdaf16f639d","target":"dccfea1aefaf654a","id":"fa6bbf5460bce5a0","size":1,"hidden":false},{"source":"30e7d454894480fd","target":"020c0367530bc947","id":"6fcce2e0d14db8e6","size":1,"hidden":false},{"source":"fc937aadbe660eba","target":"d03ddf483463046e","id":"57dd3569d21cc38d","size":1,"hidden":false},{"source":"82a331441aad11ef","target":"cf53d6087edad6b6","id":"0396a85dbe7a2f6d","size":9,"hidden":false},{"source":"5d7f6f4dbee7a91f","target":"affc349b48683bab","id":"8938e280bc22afca","size":1,"hidden":false},{"source":"fe5e89d1219ca520","target":"5d7f6f4dbee7a91f","id":"53e31b2083c23dd0","size":7,"hidden":false},{"source":"2f10f9c68e4307dd","target":"6924edcbcf8a4726","id":"b1d540e45bc1dc5d","size":10,"hidden":false},{"source":"5c2b2d53847a12e6","target":"87a4e1db54c5af58","id":"e54af8818d7420f0","size":1,"hidden":false},{"source":"fc937aadbe660eba","target":"5c2b2d53847a12e6","id":"48a83f0153457398","size":35,"hidden":false},{"source":"6924edcbcf8a4726","target":"c3f5adf30c338b03","id":"41ccece6bcf8ce94","size":45,"hidden":false},{"source":"cf53d6087edad6b6","target":"2b299c64a56ed708","id":"c14ee239a3309ead","size":1,"hidden":false},{"source":"fa060939f4f8d10b","target":"99c92eef81131cb8","id":"4fd96e647ede1b17","size":1,"hidden":false},{"source":"fe5e89d1219ca520","target":"5c2b2d53847a12e6","id":"27c7137d29de479b","size":13,"hidden":false},{"source":"25cc72e819363e2f","target":"9a8a8b96f041df59","id":"24ae9023db78009f","size":1,"hidden":false},{"source":"e4ff7716fd62b22a","target":"e4ff7716fd62b22a","id":"9fa2a70689fe0ed8","size":263,"hidden":false},{"source":"fa060939f4f8d10b","target":"e1542eebc7b4d984","id":"39920317d941e845","size":1,"hidden":false},{"source":"5d7f6f4dbee7a91f","target":"fe5e89d1219ca520","id":"0674bf3c2abaf24d","size":1,"hidden":false},{"source":"fe5e89d1219ca520","target":"a66c7dbcfcef8b3e","id":"23302d4c304359ae","size":21,"hidden":false},{"source":"64d101edddbe62e5","target":"a66c7dbcfcef8b3e","id":"8ea50ff15636a3fd","size":1,"hidden":false},{"source":"6924edcbcf8a4726","target":"9f51bec5ac9ba677","id":"552b4cdc51394fc8","size":1,"hidden":false},{"source":"2f10f9c68e4307dd","target":"a743b21eb1a20649","id":"a3e227c7ee874041","size":1,"hidden":false},{"source":"fe5e89d1219ca520","target":"2f10f9c68e4307dd","id":"5ec2f7f5b7c7f2c5","size":21,"hidden":false},{"source":"fa060939f4f8d10b","target":"e5ceeb0dd51ff608","id":"a1796d67e28d7450","size":1,"hidden":false},{"source":"5c2b2d53847a12e6","target":"13299e66a9b286e7","id":"bcc57793f8ac98f3","size":1,"hidden":false},{"source":"25cc72e819363e2f","target":"7e806bd231f56a2f","id":"d44722c1b3fbb5de","size":51,"hidden":false},{"source":"7e806bd231f56a2f","target":"e4ff7716fd62b22a","id":"b7c13602e8aed372","size":1,"hidden":false},{"source":"ec219aa64cbf10b3","target":"7e806bd231f56a2f","id":"c096f5b075ff86b4","size":27,"hidden":false},{"source":"affc349b48683bab","target":"daf199f8bc711a1d","id":"68ebe1af02346c0f","size":18,"hidden":false},{"source":"a66c7dbcfcef8b3e","target":"daf199f8bc711a1d","id":"22b5ec0813ae72a5","size":12,"hidden":false},{"source":"756d9344921c3c34","target":"7e806bd231f56a2f","id":"03aa639f30a5647b","size":20,"hidden":false},{"source":"affc349b48683bab","target":"a66c7dbcfcef8b3e","id":"16cd9924d687ff2e","size":9,"hidden":false},{"source":"7e806bd231f56a2f","target":"c3f5adf30c338b03","id":"3bf72497c80564c0","size":1,"hidden":false},{"source":"2f10f9c68e4307dd","target":"fe5e89d1219ca520","id":"98196a292988f702","size":12,"hidden":false},{"source":"cf53d6087edad6b6","target":"a00aa36868423e0d","id":"9eeb69f63fd37439","size":1,"hidden":false},{"source":"6924edcbcf8a4726","target":"1a0bfcdaf16f639d","id":"10f619527dfafebf","size":19,"hidden":false},{"source":"25cc72e819363e2f","target":"a848b0faa9513459","id":"4d9e6db6f68913e9","size":1,"hidden":false},{"source":"7e806bd231f56a2f","target":"1a0bfcdaf16f639d","id":"95c2f457a536a603","size":1,"hidden":false},{"source":"1a0bfcdaf16f639d","target":"a66c7dbcfcef8b3e","id":"15addc07bc2b0b94","size":21,"hidden":false},{"source":"a66c7dbcfcef8b3e","target":"a66c7dbcfcef8b3e","id":"b20f09b6648e9b9f","size":110,"hidden":false},{"source":"fa060939f4f8d10b","target":"12fc89dc15f5b780","id":"13e8e3d2ca44407d","size":1,"hidden":false},{"source":"6924edcbcf8a4726","target":"b9f8b1d75b1686de","id":"1f4aad1902a7bf26","size":1,"hidden":false},{"source":"25cc72e819363e2f","target":"5b974007c86390ba","id":"5ab77de49097dd34","size":1,"hidden":false},{"source":"cf53d6087edad6b6","target":"b74fb290a8b86e4a","id":"a98387a73a3d8b94","size":1,"hidden":false},{"source":"cf53d6087edad6b6","target":"9a8a8b96f041df59","id":"b8eea3c39cb915fd","size":1,"hidden":false},{"source":"affc349b48683bab","target":"44e4fe4995b3144e","id":"38643cc6b04a9e30","size":1,"hidden":false},{"source":"fa060939f4f8d10b","target":"fe5e89d1219ca520","id":"cd3c47e240288ce6","size":15,"hidden":false},{"source":"fc937aadbe660eba","target":"dccfea1aefaf654a","id":"9356e380c3f7e954","size":1,"hidden":false},{"source":"203295b4664eccff","target":"c3f5adf30c338b03","id":"4f21eb5013776159","size":17,"hidden":false},{"source":"5c2b2d53847a12e6","target":"fc937aadbe660eba","id":"ebff5a3c1ace9ad6","size":35,"hidden":false},{"source":"c3f5adf30c338b03","target":"f01fc290c42185e9","id":"45afe1a87efcf58f","size":1,"hidden":false},{"source":"a66c7dbcfcef8b3e","target":"7e806bd231f56a2f","id":"5271265c5f16ba4d","size":28,"hidden":false},{"source":"affc349b48683bab","target":"3eb6e39e1693bf7c","id":"9452b8eb97ef0de2","size":1,"hidden":false},{"source":"fe5e89d1219ca520","target":"1a0bfcdaf16f639d","id":"c4a5a5aff7db3abf","size":28,"hidden":false},{"source":"c3f5adf30c338b03","target":"80520bb864c5db64","id":"b316a69cde9d2de4","size":1,"hidden":false},{"source":"2f10f9c68e4307dd","target":"fc937aadbe660eba","id":"1f6ed8dc8301ff52","size":27,"hidden":false},{"source":"a66c7dbcfcef8b3e","target":"80520bb864c5db64","id":"6821ed17fc34c6e8","size":1,"hidden":false},{"source":"6924edcbcf8a4726","target":"2f10f9c68e4307dd","id":"d730e10b3f5cfe55","size":10,"hidden":false},{"source":"cf53d6087edad6b6","target":"9f51bec5ac9ba677","id":"69239111415918d0","size":1,"hidden":false},{"source":"cf53d6087edad6b6","target":"82a331441aad11ef","id":"d564e8b8da555611","size":9,"hidden":false},{"source":"5c2b2d53847a12e6","target":"a00aa36868423e0d","id":"17d8e5031b26ce9b","size":1,"hidden":false},{"source":"cf53d6087edad6b6","target":"fc937aadbe660eba","id":"6548c329b1b3af2e","size":70,"hidden":false},{"source":"fe5e89d1219ca520","target":"7e806bd231f56a2f","id":"928df1bd4706287e","size":19,"hidden":false},{"source":"daf199f8bc711a1d","target":"a743b21eb1a20649","id":"bf30af036086e70e","size":1,"hidden":false},{"source":"daf199f8bc711a1d","target":"6924edcbcf8a4726","id":"c9426957426ac10f","size":8,"hidden":false},{"source":"c3f5adf30c338b03","target":"c3f5adf30c338b03","id":"3a67a527110de848","size":42,"hidden":false},{"source":"fa060939f4f8d10b","target":"82a331441aad11ef","id":"1079fa958c96ad0d","size":12,"hidden":false},{"source":"c3f5adf30c338b03","target":"6c7d57d189556e5a","id":"c98b8cf5683364a2","size":1,"hidden":false},{"source":"25cc72e819363e2f","target":"80520bb864c5db64","id":"7895bd8bf9bc6fcd","size":1,"hidden":false},{"source":"affc349b48683bab","target":"f3ae3eaaf869127a","id":"6276774c1772e6dc","size":1,"hidden":false},{"source":"30e7d454894480fd","target":"e1542eebc7b4d984","id":"12c4d8561b144104","size":1,"hidden":false},{"source":"daf199f8bc711a1d","target":"a66c7dbcfcef8b3e","id":"2e7d1b5e81de13e4","size":12,"hidden":false},{"source":"cf53d6087edad6b6","target":"25cc72e819363e2f","id":"9eabd4ef579c9898","size":72,"hidden":false},{"source":"cf53d6087edad6b6","target":"1d9d3e11ef955136","id":"f470b34b35817181","size":15,"hidden":false},{"source":"5c2b2d53847a12e6","target":"affc349b48683bab","id":"850c149d322e18c6","size":26,"hidden":false},{"source":"e4ff7716fd62b22a","target":"7fbe58b1dc26b901","id":"d6b909491a2bc162","size":8,"hidden":false},{"source":"cf53d6087edad6b6","target":"6924edcbcf8a4726","id":"6883c326b2591516","size":16,"hidden":false},{"source":"30e7d454894480fd","target":"0dbf38d9104d879c","id":"8d5d54055eadc50b","size":1,"hidden":false},{"source":"64d101edddbe62e5","target":"1a0bfcdaf16f639d","id":"79118db4123be84f","size":1,"hidden":false},{"source":"affc349b48683bab","target":"5c2b2d53847a12e6","id":"9e1e5c1708ead2e5","size":26,"hidden":false},{"source":"5c2b2d53847a12e6","target":"ad2ec69d24c7edc1","id":"89ccad07a1285382","size":1,"hidden":false},{"source":"82a331441aad11ef","target":"1a0bfcdaf16f639d","id":"817d0d22e6b4be7b","size":10,"hidden":false},{"source":"fa060939f4f8d10b","target":"dd84734e6d03cc6c","id":"3ecdee7775c3315b","size":1,"hidden":false},{"source":"daf199f8bc711a1d","target":"b9eb16987ad4fb89","id":"cc9b1945c376bc57","size":1,"hidden":false},{"source":"7e806bd231f56a2f","target":"53d93a95f3d52d70","id":"cdfab8b019b04b1b","size":1,"hidden":false},{"source":"fa060939f4f8d10b","target":"affc349b48683bab","id":"bc4c648b9fc5815d","size":18,"hidden":false},{"source":"25cc72e819363e2f","target":"1a0bfcdaf16f639d","id":"1ab27119d9b9c10d","size":39,"hidden":false},{"source":"affc349b48683bab","target":"1a0bfcdaf16f639d","id":"92dc4e6c40229109","size":47,"hidden":false},{"source":"2f10f9c68e4307dd","target":"b74fb290a8b86e4a","id":"a6b6cc718a1014f7","size":1,"hidden":false},{"source":"30e7d454894480fd","target":"fe5e89d1219ca520","id":"77e95eba36c18880","size":9,"hidden":false},{"source":"a66c7dbcfcef8b3e","target":"1a0bfcdaf16f639d","id":"b2084cc46e5b4dcc","size":21,"hidden":false},{"source":"1a0bfcdaf16f639d","target":"5c2b2d53847a12e6","id":"9fd66e59b3efb073","size":11,"hidden":false},{"source":"6924edcbcf8a4726","target":"7e806bd231f56a2f","id":"be3574c9832aa7cb","size":15,"hidden":false},{"source":"64d101edddbe62e5","target":"5c2b2d53847a12e6","id":"532d219c2841ca97","size":1,"hidden":false},{"source":"7e806bd231f56a2f","target":"7fbe58b1dc26b901","id":"060d772b4f6f8f72","size":1,"hidden":false},{"source":"fc937aadbe660eba","target":"f01fc290c42185e9","id":"990e24dc62ab0071","size":1,"hidden":false}]}