{"nodes":[{"classname":"涉毒","grade":1,"type":"equilateral","name":"张斌","phone":"18678878010","pid":"15645556424075","id":"a66c7dbcfcef8b3e","x":1563,"y":503,"color":"#E25D68","size":5,"rank":5,"hidden":false,"flag":false,"topk":13,"topk_value":0.8749831617601226},{"classname":"涉毒","grade":1,"type":"equilateral","name":"","phone":"17686627358","pid":"15645556424075","id":"7fbe58b1dc26b901","x":1264,"y":823,"color":"#E25D68","size":4,"rank":5,"hidden":false,"flag":false,"topk":20,"topk_value":0.8749831617601226},{"classname":"涉毒","grade":1,"type":"equilateral","name":"孙立铭","phone":"15098949158","pid":"15645556424075","id":"25cc72e819363e2f","x":1262,"y":1505,"color":"#E25D68","size":5,"rank":5,"hidden":false,"flag":false,"topk":17,"topk_value":0.8749831617601226},{"classname":"涉毒","grade":1,"type":"equilateral","name":"徐会宝","phone":"18668921955","pid":"15645556424075","id":"fe5e89d1219ca520","x":908,"y":1288,"color":"#E25D68","size":4,"rank":5,"hidden":false,"flag":false,"topk":10,"topk_value":0.8749831617601226},{"classname":"涉毒","grade":1,"type":"equilateral","name":"","phone":"13081426854","pid":"15645556424075","id":"53d93a95f3d52d70","x":709,"y":1370,"color":"#E25D68","size":4,"rank":5,"hidden":false,"flag":false,"topk":9,"topk_value":0.8749831617601226},{"classname":"涉毒","grade":1,"type":"equilateral","name":"尹加鲁","phone":"17753113466","pid":"15645556424075","id":"756d9344921c3c34","x":694,"y":635,"color":"#E25D68","size":4,"rank":5,"hidden":false,"flag":false,"topk":15,"topk_value":0.8749831617601226},{"classname":"涉毒","grade":1,"type":"equilateral","name":"殷方丽","phone":"18254158869","pid":"15645556424075","id":"2f10f9c68e4307dd","x":446,"y":497,"color":"#E25D68","size":4,"rank":5,"hidden":false,"flag":false,"topk":14,"topk_value":0.8749831617601226},{"classname":"涉毒","grade":1,"type":"equilateral","name":"汪达成","phone":"18615218393","pid":"15645556424075","id":"1d9d3e11ef955136","x":1787,"y":773,"color":"#E25D68","size":5,"rank":5,"hidden":false,"flag":false,"topk":7,"topk_value":0.8749831617601226},{"classname":"涉毒","grade":1,"type":"equilateral","name":"付忠贺","phone":"13153101920","pid":"15645556424075","id":"76ed8f421971c8ec","x":1674,"y":1104,"color":"#E25D68","size":4,"rank":5,"hidden":false,"flag":false,"topk":16,"topk_value":0.8749831617601226},{"classname":"涉毒","grade":1,"type":"equilateral","name":"","phone":"13287772037","pid":"15645556424075","id":"f7448292a7c6866d","x":439,"y":1138,"color":"#E25D68","size":4,"rank":5,"hidden":false,"flag":false,"topk":3,"topk_value":0.8749831617601226},{"classname":"涉毒","grade":1,"type":"equilateral","name":"","phone":"15106965060","pid":"15645556424075","id":"19cf5025b2105647","x":743,"y":986,"color":"#E25D68","size":5,"rank":5,"hidden":false,"flag":false,"topk":8,"topk_value":0.8749831617601226},{"classname":"涉毒","grade":1,"type":"equilateral","name":"王在学","phone":"18615522075","pid":"15645556424075","id":"203295b4664eccff","x":431,"y":1488,"color":"#E25D68","size":4,"rank":5,"hidden":false,"flag":false,"topk":19,"topk_value":0.8749831617601226},{"classname":"涉毒","grade":1,"type":"equilateral","name":"孙全志","phone":"18253101690","pid":"15645556424075","id":"fc937aadbe660eba","x":1383,"y":1182,"color":"#E25D68","size":4,"rank":5,"hidden":false,"flag":false,"topk":11,"topk_value":0.8749831617601226},{"classname":"涉毒","grade":1,"type":"equilateral","name":"","phone":"13793173325","pid":"15645556424075","id":"1a0bfcdaf16f639d","x":941,"y":687,"color":"#E25D68","size":4,"rank":5,"hidden":false,"flag":false,"topk":1,"topk_value":0.8749831617601226},{"classname":"涉毒","grade":1,"type":"equilateral","name":"","phone":"15628803012","pid":"15645556424075","id":"ec219aa64cbf10b3","x":936,"y":1641,"color":"#E25D68","size":5,"rank":5,"hidden":false,"flag":false,"topk":6,"topk_value":0.8749831617601226},{"classname":"涉毒","grade":1,"type":"equilateral","name":"","phone":"18615686505","pid":"15645556424075","id":"7e806bd231f56a2f","x":1042,"y":974,"color":"#E25D68","size":6,"rank":5,"hidden":false,"flag":false,"topk":0,"topk_value":3.4988180147975476},{"classname":"涉毒","grade":1,"type":"equilateral","name":"赵凯","phone":"15665888024","pid":"15645556424075","id":"6924edcbcf8a4726","x":1163,"y":1175,"color":"#E25D68","size":4,"rank":5,"hidden":false,"flag":false,"topk":12,"topk_value":0.8749831617601226},{"classname":"涉毒","grade":1,"type":"equilateral","name":"李延彪","phone":"15215315353","pid":"15645556424075","id":"2deeea44185f83e1","x":1604,"y":1447,"color":"#E25D68","size":4,"rank":5,"hidden":false,"flag":false,"topk":18,"topk_value":0.8749831617601226},{"classname":"涉毒","grade":1,"type":"equilateral","name":"周政","phone":"18615179000","pid":"15645556424075","id":"a5c73bdd3ee46637","x":893,"y":340,"color":"#E25D68","size":4,"rank":5,"hidden":false,"flag":false,"topk":4,"topk_value":0.8749831617601226},{"classname":"涉毒","grade":1,"type":"equilateral","name":"郭鹏","phone":"18678308679","pid":"15645556424075","id":"e4ff7716fd62b22a","x":419,"y":843,"color":"#8BC34A","size":6,"rank":5,"hidden":false,"flag":false,"topk":-1,"topk_value":-1},{"classname":"涉毒","grade":1,"type":"equilateral","name":"","phone":"16653159986","pid":"15645556424075","id":"cf53d6087edad6b6","x":1447,"y":832,"color":"#E25D68","size":4,"rank":5,"hidden":false,"flag":false,"topk":5,"topk_value":0.8749831617601226},{"classname":"涉毒","grade":1,"type":"equilateral","name":"","phone":"13256730382","pid":"15645556424075","id":"c3f5adf30c338b03","x":1220,"y":481,"color":"#E25D68","size":6,"rank":5,"hidden":false,"flag":false,"topk":2,"topk_value":0.8749831617601226}],"edges":[{"source":"7e806bd231f56a2f","target":"2deeea44185f83e1","id":"75099e92f95e1fdc","size":1,"hidden":false},{"source":"7e806bd231f56a2f","target":"25cc72e819363e2f","id":"1d72416c3ffe180f","size":1,"hidden":false},{"source":"7e806bd231f56a2f","target":"76ed8f421971c8ec","id":"84a8e693d7c48935","size":1,"hidden":false},{"source":"7e806bd231f56a2f","target":"756d9344921c3c34","id":"6fb9fc57d4d1a9f5","size":1,"hidden":false},{"source":"7e806bd231f56a2f","target":"2f10f9c68e4307dd","id":"6318a79a60442889","size":1,"hidden":false},{"source":"7e806bd231f56a2f","target":"a66c7dbcfcef8b3e","id":"608eb84386500e99","size":1,"hidden":false},{"source":"7e806bd231f56a2f","target":"6924edcbcf8a4726","id":"a49fb66650b47001","size":1,"hidden":false},{"source":"7e806bd231f56a2f","target":"fc937aadbe660eba","id":"42a3328baa81fc27","size":1,"hidden":false},{"source":"7e806bd231f56a2f","target":"203295b4664eccff","id":"5bb469f7f0db8cbb","size":1,"hidden":false},{"source":"7e806bd231f56a2f","target":"fe5e89d1219ca520","id":"f85cabaddc741433","size":1,"hidden":false},{"source":"7e806bd231f56a2f","target":"19cf5025b2105647","id":"9f2b5fad61b28987","size":1,"hidden":false},{"source":"7e806bd231f56a2f","target":"1d9d3e11ef955136","id":"dd9dc83bde70658e","size":1,"hidden":false},{"source":"7e806bd231f56a2f","target":"ec219aa64cbf10b3","id":"6bfa559d275dc43b","size":1,"hidden":false},{"source":"7e806bd231f56a2f","target":"cf53d6087edad6b6","id":"360b73107eb11e11","size":1,"hidden":false},{"source":"7e806bd231f56a2f","target":"a5c73bdd3ee46637","id":"6d5018652bfca2b3","size":1,"hidden":false},{"source":"7e806bd231f56a2f","target":"7e806bd231f56a2f","id":"e27ed24854f8037f","size":92,"hidden":false},{"source":"7e806bd231f56a2f","target":"f7448292a7c6866d","id":"23b7f9873a11e90a","size":1,"hidden":false},{"source":"7e806bd231f56a2f","target":"e4ff7716fd62b22a","id":"b7c13602e8aed372","size":1,"hidden":false},{"source":"7e806bd231f56a2f","target":"c3f5adf30c338b03","id":"3bf72497c80564c0","size":1,"hidden":false},{"source":"7e806bd231f56a2f","target":"1a0bfcdaf16f639d","id":"95c2f457a536a603","size":1,"hidden":false},{"source":"7e806bd231f56a2f","target":"53d93a95f3d52d70","id":"cdfab8b019b04b1b","size":1,"hidden":false},{"source":"7e806bd231f56a2f","target":"7fbe58b1dc26b901","id":"060d772b4f6f8f72","size":1,"hidden":false}]}