{"nodes":[{"classname":"涉毒","grade":1,"type":"equilateral","name":"张斌","phone":"18678878010","pid":"15649887762754","id":"a66c7dbcfcef8b3e","x":1085,"y":1121,"color":"#E25D68","size":10,"rank":5,"hidden":false,"flag":false,"topk":6,"topk_value":1.2426403756026005},{"classname":"涉毒","grade":2,"type":"circle","name":"郑海鹏","phone":"13065001873","pid":"15649887762754","id":"977396656c7dae84","x":1381,"y":1533,"color":"#E25D68","size":5,"rank":5,"hidden":false,"flag":false,"topk":24,"topk_value":0.8996072447527875},{"classname":"涉毒","grade":2,"type":"circle","name":"尹文婷","phone":"15665806205","pid":"15649887762754","id":"82a331441aad11ef","x":1304,"y":1215,"color":"#E25D68","size":5,"rank":5,"hidden":false,"flag":false,"topk":35,"topk_value":0.8826060968292354},{"classname":"涉毒","grade":1,"type":"equilateral","name":"","phone":"17686627358","pid":"15649887762754","id":"7fbe58b1dc26b901","x":1667,"y":885,"color":"#8BC34A","size":7,"rank":5,"hidden":false,"flag":false,"topk":2,"topk_value":0.9996203125},{"classname":"涉毒","grade":1,"type":"equilateral","name":"孙立铭","phone":"15098949158","pid":"15649887762754","id":"25cc72e819363e2f","x":1044,"y":932,"color":"#E25D68","size":10,"rank":5,"hidden":false,"flag":false,"topk":4,"topk_value":1.5183410687619896},{"classname":"涉毒","grade":2,"type":"circle","name":"梁雨辰","phone":"15069131869","pid":"15649887762754","id":"9a8a8b96f041df59","x":818,"y":1183,"color":"#E25D68","size":7,"rank":5,"hidden":false,"flag":false,"topk":17,"topk_value":0.9325490646021277},{"classname":"涉毒","grade":2,"type":"circle","name":"","phone":"18353820813","pid":"15649887762754","id":"9f51bec5ac9ba677","x":1366,"y":1089,"color":"#E25D68","size":5,"rank":5,"hidden":false,"flag":false,"topk":30,"topk_value":0.8918123713875551},{"classname":"涉毒","grade":2,"type":"circle","name":"齐振香","phone":"13589143161","pid":"15649887762754","id":"3d0cb9679da2d4a1","x":835,"y":1292,"color":"#E25D68","size":6,"rank":5,"hidden":false,"flag":false,"topk":27,"topk_value":0.8938264881487313},{"classname":"涉毒","grade":2,"type":"circle","name":"井凤杰","phone":"15066689300","pid":"15649887762754","id":"d03ddf483463046e","x":965,"y":353,"color":"#E25D68","size":5,"rank":5,"hidden":false,"flag":false,"topk":53,"topk_value":0.8688989351091553},{"classname":"涉毒","grade":2,"type":"circle","name":"","phone":"15668387566","pid":"15649887762754","id":"5c2b2d53847a12e6","x":1062,"y":693,"color":"#E25D68","size":6,"rank":5,"hidden":false,"flag":false,"topk":23,"topk_value":0.9016163257273389},{"classname":"涉毒","grade":1,"type":"equilateral","name":"徐会宝","phone":"18668921955","pid":"15649887762754","id":"fe5e89d1219ca520","x":968,"y":922,"color":"#E25D68","size":10,"rank":5,"hidden":false,"flag":false,"topk":9,"topk_value":1.1398549616381892},{"classname":"涉毒","grade":1,"type":"equilateral","name":"","phone":"13081426854","pid":"15649887762754","id":"53d93a95f3d52d70","x":1490,"y":1288,"color":"#8BC34A","size":7,"rank":5,"hidden":false,"flag":false,"topk":0,"topk_value":0.9996203125},{"classname":"涉毒","grade":2,"type":"circle","name":"宋辉","phone":"15562699595","pid":"15649887762754","id":"fa060939f4f8d10b","x":1322,"y":742,"color":"#E25D68","size":8,"rank":5,"hidden":false,"flag":false,"topk":25,"topk_value":0.8959117423114985},{"classname":"涉毒","grade":1,"type":"equilateral","name":"尹加鲁","phone":"17753113466","pid":"15649887762754","id":"756d9344921c3c34","x":1202,"y":819,"color":"#E25D68","size":9,"rank":5,"hidden":false,"flag":false,"topk":20,"topk_value":0.9148682067369058},{"classname":"涉毒","grade":2,"type":"circle","name":"","phone":"13335209281","pid":"15649887762754","id":"ef8d20d0af8b709b","x":1516,"y":944,"color":"#E25D68","size":4,"rank":5,"hidden":false,"flag":false,"topk":40,"topk_value":0.874100087099478},{"classname":"涉毒","grade":2,"type":"circle","name":"陈传军","phone":"15553149815","pid":"15649887762754","id":"affc349b48683bab","x":733,"y":1177,"color":"#E25D68","size":7,"rank":5,"hidden":false,"flag":false,"topk":19,"topk_value":0.9196049945071461},{"classname":"涉毒","grade":2,"type":"circle","name":"程琳","phone":"15563358200","pid":"15649887762754","id":"daf199f8bc711a1d","x":674,"y":1011,"color":"#E25D68","size":6,"rank":5,"hidden":false,"flag":false,"topk":21,"topk_value":0.9065275485001131},{"classname":"涉毒","grade":1,"type":"equilateral","name":"殷方丽","phone":"18254158869","pid":"15649887762754","id":"2f10f9c68e4307dd","x":771,"y":900,"color":"#E25D68","size":9,"rank":5,"hidden":false,"flag":false,"topk":7,"topk_value":1.1903164379056892},{"classname":"涉毒","grade":1,"type":"equilateral","name":"汪达成","phone":"18615218393","pid":"15649887762754","id":"1d9d3e11ef955136","x":852,"y":854,"color":"#E25D68","size":10,"rank":5,"hidden":false,"flag":false,"topk":11,"topk_value":1.0339693959167764},{"classname":"涉毒","grade":2,"type":"circle","name":"","phone":"15553174360","pid":"15649887762754","id":"5ea3d0d3acfa48f3","x":1535,"y":1397,"color":"#E25D68","size":4,"rank":5,"hidden":false,"flag":false,"topk":36,"topk_value":0.8822819376835274},{"classname":"涉毒","grade":1,"type":"equilateral","name":"付忠贺","phone":"13153101920","pid":"15649887762754","id":"76ed8f421971c8ec","x":1161,"y":1267,"color":"#E25D68","size":10,"rank":5,"hidden":false,"flag":false,"topk":12,"topk_value":1.0032069033230657},{"classname":"涉毒","grade":2,"type":"circle","name":"","phone":"15865313664","pid":"15649887762754","id":"b9eb16987ad4fb89","x":670,"y":677,"color":"#E25D68","size":7,"rank":5,"hidden":false,"flag":false,"topk":28,"topk_value":0.8938264881487313},{"classname":"涉毒","grade":2,"type":"circle","name":"陈建超","phone":"18863077710","pid":"15649887762754","id":"a00aa36868423e0d","x":633,"y":846,"color":"#E25D68","size":7,"rank":5,"hidden":false,"flag":false,"topk":31,"topk_value":0.8894553486053476},{"classname":"涉毒","grade":2,"type":"circle","name":"","phone":"13127102754","pid":"15649887762754","id":"2b299c64a56ed708","x":630,"y":437,"color":"#E25D68","size":7,"rank":5,"hidden":false,"flag":false,"topk":41,"topk_value":0.8733333408832734},{"classname":"涉毒","grade":2,"type":"circle","name":"","phone":"13044036399","pid":"15649887762754","id":"b74fb290a8b86e4a","x":535,"y":1105,"color":"#E25D68","size":5,"rank":5,"hidden":false,"flag":false,"topk":34,"topk_value":0.882624594027918},{"classname":"涉毒","grade":1,"type":"equilateral","name":"","phone":"13287772037","pid":"15649887762754","id":"f7448292a7c6866d","x":1242,"y":1425,"color":"#E25D68","size":8,"rank":5,"hidden":false,"flag":false,"topk":18,"topk_value":0.931419338034467},{"classname":"涉毒","grade":1,"type":"equilateral","name":"","phone":"15106965060","pid":"15649887762754","id":"19cf5025b2105647","x":1062,"y":1278,"color":"#E25D68","size":9,"rank":5,"hidden":false,"flag":false,"topk":13,"topk_value":0.9840251139590193},{"classname":"涉毒","grade":2,"type":"circle","name":"吴坤","phone":"18605331731","pid":"15649887762754","id":"64d101edddbe62e5","x":1164,"y":897,"color":"#E25D68","size":7,"rank":5,"hidden":false,"flag":false,"topk":16,"topk_value":0.939485067871098},{"classname":"涉毒","grade":2,"type":"circle","name":"王老师","phone":"13210568180","pid":"15649887762754","id":"13299e66a9b286e7","x":939,"y":1396,"color":"#E25D68","size":5,"rank":5,"hidden":false,"flag":false,"topk":39,"topk_value":0.8798046705153182},{"classname":"涉毒","grade":1,"type":"equilateral","name":"王在学","phone":"18615522075","pid":"15649887762754","id":"203295b4664eccff","x":1164,"y":1171,"color":"#E25D68","size":10,"rank":5,"hidden":false,"flag":false,"topk":15,"topk_value":0.9436740793055425},{"classname":"涉毒","grade":1,"type":"equilateral","name":"孙全志","phone":"18253101690","pid":"15649887762754","id":"fc937aadbe660eba","x":861,"y":969,"color":"#E25D68","size":10,"rank":5,"hidden":false,"flag":false,"topk":3,"topk_value":1.6118887517651972},{"classname":"涉毒","grade":2,"type":"circle","name":"艾苗","phone":"18553003678","pid":"15649887762754","id":"6c7d57d189556e5a","x":599,"y":1472,"color":"#E25D68","size":6,"rank":5,"hidden":false,"flag":false,"topk":45,"topk_value":0.8714102478058294},{"classname":"涉毒","grade":2,"type":"circle","name":"祝向前","phone":"15990968007","pid":"15649887762754","id":"bb61f52224432aee","x":1086,"y":498,"color":"#E25D68","size":4,"rank":5,"hidden":false,"flag":false,"topk":46,"topk_value":0.8714102478058294},{"classname":"涉毒","grade":2,"type":"circle","name":"崔中文","phone":"18506338687","pid":"15649887762754","id":"1630b9410fb00da4","x":1071,"y":1720,"color":"#E25D68","size":4,"rank":5,"hidden":false,"flag":false,"topk":22,"topk_value":0.9020754524923172},{"classname":"涉毒","grade":2,"type":"circle","name":"","phone":"13375610665","pid":"15649887762754","id":"f01fc290c42185e9","x":776,"y":1524,"color":"#E25D68","size":5,"rank":5,"hidden":false,"flag":false,"topk":48,"topk_value":0.8709825251970151},{"classname":"涉毒","grade":2,"type":"circle","name":"","phone":"15169034116","pid":"15649887762754","id":"5b974007c86390ba","x":830,"y":502,"color":"#E25D68","size":5,"rank":5,"hidden":false,"flag":false,"topk":43,"topk_value":0.8716318793599483},{"classname":"涉毒","grade":2,"type":"circle","name":"汤立涛","phone":"13589689328","pid":"15649887762754","id":"72d98d50d7e9bfeb","x":513,"y":659,"color":"#E25D68","size":4,"rank":5,"hidden":false,"flag":false,"topk":47,"topk_value":0.8709825251970151},{"classname":"涉毒","grade":1,"type":"equilateral","name":"","phone":"13793173325","pid":"15649887762754","id":"1a0bfcdaf16f639d","x":1020,"y":1011,"color":"#E25D68","size":10,"rank":5,"hidden":false,"flag":false,"topk":0,"topk_value":1.728328373220132},{"classname":"涉毒","grade":2,"type":"circle","name":"","phone":"17686667060","pid":"15649887762754","id":"80520bb864c5db64","x":1334,"y":868,"color":"#E25D68","size":6,"rank":5,"hidden":false,"flag":false,"topk":26,"topk_value":0.8954420372418779},{"classname":"涉毒","grade":1,"type":"equilateral","name":"","phone":"15628803012","pid":"15649887762754","id":"ec219aa64cbf10b3","x":1404,"y":616,"color":"#8BC34A","size":7,"rank":5,"hidden":false,"flag":false,"topk":1,"topk_value":0.9996203125},{"classname":"涉毒","grade":0,"type":"star","name":"张三","phone":"18615686505","pid":"15649887762754","id":"7e806bd231f56a2f","x":1229,"y":1059,"color":"#E25D68","size":10,"rank":5,"hidden":false,"flag":false,"topk":8,"topk_value":1.1648235833075904},{"classname":"涉毒","grade":2,"type":"circle","name":"","phone":"15315711179","pid":"15649887762754","id":"12fc89dc15f5b780","x":1370,"y":968,"color":"#E25D68","size":6,"rank":5,"hidden":false,"flag":false,"topk":37,"topk_value":0.8822045805914184},{"classname":"涉毒","grade":2,"type":"circle","name":"韩轩","phone":"18678120534","pid":"15649887762754","id":"b9f8b1d75b1686de","x":491,"y":1305,"color":"#E25D68","size":5,"rank":5,"hidden":false,"flag":false,"topk":49,"topk_value":0.8705134173706737},{"classname":"涉毒","grade":2,"type":"circle","name":"","phone":"18506413343","pid":"15649887762754","id":"30e7d454894480fd","x":768,"y":637,"color":"#E25D68","size":5,"rank":5,"hidden":false,"flag":false,"topk":29,"topk_value":0.8920516398883466},{"classname":"涉毒","grade":1,"type":"equilateral","name":"赵凯","phone":"15665888024","pid":"15649887762754","id":"6924edcbcf8a4726","x":886,"y":1040,"color":"#E25D68","size":10,"rank":5,"hidden":false,"flag":false,"topk":2,"topk_value":1.621201415700329},{"classname":"涉毒","grade":1,"type":"equilateral","name":"李延彪","phone":"15215315353","pid":"15649887762754","id":"2deeea44185f83e1","x":1711,"y":1045,"color":"#8BC34A","size":9,"rank":5,"hidden":false,"flag":false,"topk":-1,"topk_value":-1},{"classname":"涉毒","grade":2,"type":"circle","name":"曹少宁","phone":"18660428005","pid":"15649887762754","id":"dccfea1aefaf654a","x":878,"y":686,"color":"#E25D68","size":7,"rank":5,"hidden":false,"flag":false,"topk":14,"topk_value":0.952645117254455},{"classname":"涉毒","grade":2,"type":"circle","name":"","phone":"13583428237","pid":"15649887762754","id":"a1d4f1cceef61e0c","x":331,"y":997,"color":"#E25D68","size":4,"rank":5,"hidden":false,"flag":false,"topk":42,"topk_value":0.8733333408832734},{"classname":"涉毒","grade":2,"type":"circle","name":"","phone":"15153126336","pid":"15649887762754","id":"0f9e87867974bf3c","x":445,"y":777,"color":"#E25D68","size":5,"rank":5,"hidden":false,"flag":false,"topk":50,"topk_value":0.8705134173706737},{"classname":"涉毒","grade":2,"type":"circle","name":"马垒","phone":"18678586655","pid":"15649887762754","id":"dc30d7c56b974cbd","x":1204,"y":546,"color":"#E25D68","size":6,"rank":5,"hidden":false,"flag":false,"topk":51,"topk_value":0.8705134173706737},{"classname":"涉毒","grade":2,"type":"circle","name":"郑涵涵","phone":"18615522931","pid":"15649887762754","id":"020c0367530bc947","x":635,"y":1244,"color":"#E25D68","size":6,"rank":5,"hidden":false,"flag":false,"topk":38,"topk_value":0.8809231325045929},{"classname":"涉毒","grade":1,"type":"equilateral","name":"周政","phone":"18615179000","pid":"15649887762754","id":"a5c73bdd3ee46637","x":1247,"y":1571,"color":"#E25D68","size":10,"rank":5,"hidden":false,"flag":false,"topk":10,"topk_value":1.0341369667539286},{"classname":"涉毒","grade":2,"type":"circle","name":"","phone":"15552590521","pid":"15649887762754","id":"a743b21eb1a20649","x":462,"y":961,"color":"#E25D68","size":6,"rank":5,"hidden":false,"flag":false,"topk":33,"topk_value":0.8827358878168661},{"classname":"涉毒","grade":1,"type":"equilateral","name":"郭鹏","phone":"18678308679","pid":"15649887762754","id":"e4ff7716fd62b22a","x":1646,"y":1181,"color":"#8BC34A","size":10,"rank":5,"hidden":false,"flag":false,"topk":3,"topk_value":0.9996203125},{"classname":"涉毒","grade":2,"type":"circle","name":"张海军","phone":"18853185255","pid":"15649887762754","id":"807d8aa150f233f4","x":1494,"y":580,"color":"#E25D68","size":4,"rank":5,"hidden":false,"flag":false,"topk":52,"topk_value":0.8704451197072443},{"classname":"涉毒","grade":2,"type":"circle","name":"蔡蒙蒙","phone":"18953165006","pid":"15649887762754","id":"e1542eebc7b4d984","x":941,"y":1509,"color":"#E25D68","size":5,"rank":5,"hidden":false,"flag":false,"topk":44,"topk_value":0.8716318793599483},{"classname":"涉毒","grade":1,"type":"equilateral","name":"","phone":"16653159986","pid":"15649887762754","id":"cf53d6087edad6b6","x":980,"y":826,"color":"#E25D68","size":10,"rank":5,"hidden":false,"flag":false,"topk":1,"topk_value":1.6666888471025847},{"classname":"涉毒","grade":2,"type":"circle","name":"孟祥辉","phone":"15165416234","pid":"15649887762754","id":"824658bd2bb4d26e","x":1003,"y":581,"color":"#E25D68","size":6,"rank":5,"hidden":false,"flag":false,"topk":32,"topk_value":0.8833231514123189},{"classname":"涉毒","grade":1,"type":"equilateral","name":"","phone":"13256730382","pid":"15649887762754","id":"c3f5adf30c338b03","x":964,"y":1093,"color":"#E25D68","size":10,"rank":5,"hidden":false,"flag":false,"topk":5,"topk_value":1.403950130125295}],"edges":[{"source":"c3f5adf30c338b03","target":"bb61f52224432aee","id":"696afc0e480570c0","size":1,"hidden":false},{"source":"1a0bfcdaf16f639d","target":"7e806bd231f56a2f","id":"1129ea594fe14f02","size":18,"hidden":false},{"source":"fc937aadbe660eba","target":"9a8a8b96f041df59","id":"70bf08ea5cd51f93","size":1,"hidden":false},{"source":"1a0bfcdaf16f639d","target":"824658bd2bb4d26e","id":"54b64a68b0d7fe72","size":1,"hidden":false},{"source":"6924edcbcf8a4726","target":"19cf5025b2105647","id":"09aade76e36ea881","size":1,"hidden":false},{"source":"25cc72e819363e2f","target":"dccfea1aefaf654a","id":"3e16a8f6fbe3e821","size":1,"hidden":false},{"source":"7e806bd231f56a2f","target":"2deeea44185f83e1","id":"75099e92f95e1fdc","size":44,"hidden":false},{"source":"fc937aadbe660eba","target":"13299e66a9b286e7","id":"6aa2c8966b56c26d","size":1,"hidden":false},{"source":"f7448292a7c6866d","target":"7e806bd231f56a2f","id":"ff99488c6e81a6c8","size":11,"hidden":false},{"source":"fc937aadbe660eba","target":"020c0367530bc947","id":"27832d0b641e8f68","size":1,"hidden":false},{"source":"fc937aadbe660eba","target":"25cc72e819363e2f","id":"4fe9bc8bff1f64da","size":7,"hidden":false},{"source":"f7448292a7c6866d","target":"f7448292a7c6866d","id":"2a03b1dc23f33ba4","size":31,"hidden":false},{"source":"cf53d6087edad6b6","target":"7e806bd231f56a2f","id":"bf40abdca3cf8632","size":14,"hidden":false},{"source":"1d9d3e11ef955136","target":"cf53d6087edad6b6","id":"1d5fdedd235d41ec","size":15,"hidden":false},{"source":"c3f5adf30c338b03","target":"fc937aadbe660eba","id":"b570fa7576bdacc5","size":23,"hidden":false},{"source":"53d93a95f3d52d70","target":"53d93a95f3d52d70","id":"7529a35089ad35cf","size":30,"hidden":false},{"source":"203295b4664eccff","target":"6924edcbcf8a4726","id":"51d210fd298ccc17","size":18,"hidden":false},{"source":"1d9d3e11ef955136","target":"c3f5adf30c338b03","id":"ee3108a8f8358265","size":8,"hidden":false},{"source":"756d9344921c3c34","target":"19cf5025b2105647","id":"330ef53ffecd07a0","size":1,"hidden":false},{"source":"1d9d3e11ef955136","target":"7e806bd231f56a2f","id":"2973279890822101","size":20,"hidden":false},{"source":"fc937aadbe660eba","target":"12fc89dc15f5b780","id":"cae22646eec59b71","size":1,"hidden":false},{"source":"6924edcbcf8a4726","target":"5c2b2d53847a12e6","id":"1f624b7d0163280c","size":1,"hidden":false},{"source":"c3f5adf30c338b03","target":"daf199f8bc711a1d","id":"5adaa46951f45f64","size":1,"hidden":false},{"source":"1a0bfcdaf16f639d","target":"5b974007c86390ba","id":"b264c255e1d0c2e5","size":1,"hidden":false},{"source":"7e806bd231f56a2f","target":"25cc72e819363e2f","id":"1d72416c3ffe180f","size":84,"hidden":false},{"source":"6924edcbcf8a4726","target":"0f9e87867974bf3c","id":"0eba8e5142d3c338","size":1,"hidden":false},{"source":"1a0bfcdaf16f639d","target":"2f10f9c68e4307dd","id":"257766d05fec1843","size":10,"hidden":false},{"source":"a66c7dbcfcef8b3e","target":"64d101edddbe62e5","id":"6666fb3d3027372f","size":1,"hidden":false},{"source":"6924edcbcf8a4726","target":"a743b21eb1a20649","id":"43b9b65c29a05cc1","size":1,"hidden":false},{"source":"25cc72e819363e2f","target":"64d101edddbe62e5","id":"e5ab49cd5b41fd26","size":1,"hidden":false},{"source":"c3f5adf30c338b03","target":"824658bd2bb4d26e","id":"126a235ffb3402d3","size":1,"hidden":false},{"source":"fc937aadbe660eba","target":"72d98d50d7e9bfeb","id":"8c886970bf233bf6","size":1,"hidden":false},{"source":"1a0bfcdaf16f639d","target":"fe5e89d1219ca520","id":"fbd0d0586cf8e75d","size":10,"hidden":false},{"source":"7e806bd231f56a2f","target":"76ed8f421971c8ec","id":"84a8e693d7c48935","size":13,"hidden":false},{"source":"6924edcbcf8a4726","target":"6924edcbcf8a4726","id":"5d33c5ee8c91aed0","size":171,"hidden":false},{"source":"1d9d3e11ef955136","target":"1d9d3e11ef955136","id":"0af089d8c5278c0a","size":69,"hidden":false},{"source":"c3f5adf30c338b03","target":"7e806bd231f56a2f","id":"d76c2622b9f538c2","size":65,"hidden":false},{"source":"2f10f9c68e4307dd","target":"25cc72e819363e2f","id":"91a3b8bbd0e7a9af","size":1,"hidden":false},{"source":"6924edcbcf8a4726","target":"cf53d6087edad6b6","id":"0a2313bd40ab3961","size":16,"hidden":false},{"source":"cf53d6087edad6b6","target":"756d9344921c3c34","id":"48d111c07594e185","size":16,"hidden":false},{"source":"c3f5adf30c338b03","target":"76ed8f421971c8ec","id":"b3ce46baef4d3c23","size":7,"hidden":false},{"source":"fe5e89d1219ca520","target":"30e7d454894480fd","id":"04d3439d3568bff4","size":1,"hidden":false},{"source":"cf53d6087edad6b6","target":"a1d4f1cceef61e0c","id":"f6731dc2d08afe47","size":1,"hidden":false},{"source":"ec219aa64cbf10b3","target":"ec219aa64cbf10b3","id":"fc029332eb489560","size":10,"hidden":false},{"source":"a5c73bdd3ee46637","target":"7e806bd231f56a2f","id":"e6c98a6108b7fecc","size":8,"hidden":false},{"source":"fc937aadbe660eba","target":"76ed8f421971c8ec","id":"f1870a0edc47924a","size":22,"hidden":false},{"source":"76ed8f421971c8ec","target":"fc937aadbe660eba","id":"dbdcebeaa514c53e","size":22,"hidden":false},{"source":"a66c7dbcfcef8b3e","target":"ef8d20d0af8b709b","id":"8ec78a670c73d22a","size":1,"hidden":false},{"source":"a5c73bdd3ee46637","target":"a5c73bdd3ee46637","id":"29d8e8ff3db7afaf","size":155,"hidden":false},{"source":"1a0bfcdaf16f639d","target":"e1542eebc7b4d984","id":"63e14d5d6697ecfd","size":1,"hidden":false},{"source":"25cc72e819363e2f","target":"b9eb16987ad4fb89","id":"427cdc5ac8c051a5","size":1,"hidden":false},{"source":"25cc72e819363e2f","target":"cf53d6087edad6b6","id":"ccae9229f85b11c5","size":72,"hidden":false},{"source":"fc937aadbe660eba","target":"b9eb16987ad4fb89","id":"fe26e2b3d0ec565a","size":1,"hidden":false},{"source":"cf53d6087edad6b6","target":"c3f5adf30c338b03","id":"de5fe3e35b29f7da","size":48,"hidden":false},{"source":"76ed8f421971c8ec","target":"5ea3d0d3acfa48f3","id":"e2585f7b7313ffad","size":1,"hidden":false},{"source":"7e806bd231f56a2f","target":"756d9344921c3c34","id":"6fb9fc57d4d1a9f5","size":33,"hidden":false},{"source":"cf53d6087edad6b6","target":"80520bb864c5db64","id":"eba73aeb5f33b3c0","size":1,"hidden":false},{"source":"7e806bd231f56a2f","target":"2f10f9c68e4307dd","id":"6318a79a60442889","size":20,"hidden":false},{"source":"7e806bd231f56a2f","target":"a66c7dbcfcef8b3e","id":"608eb84386500e99","size":59,"hidden":false},{"source":"2f10f9c68e4307dd","target":"9a8a8b96f041df59","id":"55201b57ffbe9b16","size":1,"hidden":false},{"source":"a66c7dbcfcef8b3e","target":"affc349b48683bab","id":"97292a65739a2863","size":1,"hidden":false},{"source":"76ed8f421971c8ec","target":"c3f5adf30c338b03","id":"a693baba830660e9","size":7,"hidden":false},{"source":"76ed8f421971c8ec","target":"7e806bd231f56a2f","id":"edea7a343b4acfb0","size":7,"hidden":false},{"source":"fc937aadbe660eba","target":"3d0cb9679da2d4a1","id":"552d687742b483c2","size":1,"hidden":false},{"source":"25cc72e819363e2f","target":"203295b4664eccff","id":"e042d61aee9c8dea","size":1,"hidden":false},{"source":"203295b4664eccff","target":"25cc72e819363e2f","id":"5fc95064172f2f69","size":1,"hidden":false},{"source":"fc937aadbe660eba","target":"fe5e89d1219ca520","id":"1eb46a594a0d7261","size":1,"hidden":false},{"source":"fe5e89d1219ca520","target":"fe5e89d1219ca520","id":"811f17259d19f539","size":88,"hidden":false},{"source":"19cf5025b2105647","target":"76ed8f421971c8ec","id":"f320bd82eceaea9d","size":1,"hidden":false},{"source":"6924edcbcf8a4726","target":"30e7d454894480fd","id":"b81e325dbdaee219","size":1,"hidden":false},{"source":"7fbe58b1dc26b901","target":"e4ff7716fd62b22a","id":"fa22f1a5230fb16b","size":8,"hidden":false},{"source":"fe5e89d1219ca520","target":"affc349b48683bab","id":"a0135144d046cea9","size":1,"hidden":false},{"source":"fc937aadbe660eba","target":"a743b21eb1a20649","id":"ac3653ae5d1b8f57","size":1,"hidden":false},{"source":"fe5e89d1219ca520","target":"fc937aadbe660eba","id":"f5e068b7d842ebce","size":1,"hidden":false},{"source":"25cc72e819363e2f","target":"977396656c7dae84","id":"eb4f8f0b9aa6a367","size":1,"hidden":false},{"source":"2f10f9c68e4307dd","target":"a1d4f1cceef61e0c","id":"39c9184995acc2bc","size":1,"hidden":false},{"source":"a66c7dbcfcef8b3e","target":"fe5e89d1219ca520","id":"39151b4c026ee14f","size":11,"hidden":false},{"source":"1d9d3e11ef955136","target":"fc937aadbe660eba","id":"b0031e525e581efa","size":1,"hidden":false},{"source":"2f10f9c68e4307dd","target":"1a0bfcdaf16f639d","id":"a11c25ec4999f0c1","size":10,"hidden":false},{"source":"6924edcbcf8a4726","target":"203295b4664eccff","id":"90fa88303f3ca643","size":18,"hidden":false},{"source":"1a0bfcdaf16f639d","target":"64d101edddbe62e5","id":"f799e5978a4d2f93","size":1,"hidden":false},{"source":"fc937aadbe660eba","target":"6924edcbcf8a4726","id":"bbff66242a4dafcf","size":25,"hidden":false},{"source":"2f10f9c68e4307dd","target":"7e806bd231f56a2f","id":"43fdd64aba132399","size":11,"hidden":false},{"source":"c3f5adf30c338b03","target":"1d9d3e11ef955136","id":"55ed8f1f27963a05","size":8,"hidden":false},{"source":"cf53d6087edad6b6","target":"64d101edddbe62e5","id":"09fc836dc53755a7","size":1,"hidden":false},{"source":"cf53d6087edad6b6","target":"fa060939f4f8d10b","id":"52616a2e367525aa","size":1,"hidden":false},{"source":"1a0bfcdaf16f639d","target":"1d9d3e11ef955136","id":"a67bab6281613c3f","size":1,"hidden":false},{"source":"1a0bfcdaf16f639d","target":"5ea3d0d3acfa48f3","id":"03b159905331cb67","size":1,"hidden":false},{"source":"7e806bd231f56a2f","target":"6924edcbcf8a4726","id":"a49fb66650b47001","size":29,"hidden":false},{"source":"25cc72e819363e2f","target":"1d9d3e11ef955136","id":"b1403569d1552628","size":12,"hidden":false},{"source":"a66c7dbcfcef8b3e","target":"fc937aadbe660eba","id":"e39b296c48965f1c","size":30,"hidden":false},{"source":"a66c7dbcfcef8b3e","target":"12fc89dc15f5b780","id":"ee02174c352ad742","size":1,"hidden":false},{"source":"25cc72e819363e2f","target":"807d8aa150f233f4","id":"e3bb68f90b202289","size":1,"hidden":false},{"source":"7e806bd231f56a2f","target":"fc937aadbe660eba","id":"42a3328baa81fc27","size":35,"hidden":false},{"source":"7e806bd231f56a2f","target":"203295b4664eccff","id":"5bb469f7f0db8cbb","size":40,"hidden":false},{"source":"cf53d6087edad6b6","target":"daf199f8bc711a1d","id":"d2871d151ead44c3","size":1,"hidden":false},{"source":"cf53d6087edad6b6","target":"cf53d6087edad6b6","id":"383125a77964ff5e","size":130,"hidden":false},{"source":"cf53d6087edad6b6","target":"d03ddf483463046e","id":"df1753cdbbd517d2","size":1,"hidden":false},{"source":"6924edcbcf8a4726","target":"13299e66a9b286e7","id":"939d63e53dafe884","size":1,"hidden":false},{"source":"1a0bfcdaf16f639d","target":"affc349b48683bab","id":"a2c850b90b6d1c82","size":1,"hidden":false},{"source":"76ed8f421971c8ec","target":"6924edcbcf8a4726","id":"d0cd82fd6c81ebac","size":1,"hidden":false},{"source":"fe5e89d1219ca520","target":"64d101edddbe62e5","id":"1dbe6f7318e95ae8","size":1,"hidden":false},{"source":"1a0bfcdaf16f639d","target":"dc30d7c56b974cbd","id":"87f81a25d7bfbb99","size":1,"hidden":false},{"source":"6924edcbcf8a4726","target":"dc30d7c56b974cbd","id":"70aa5c52d53aab32","size":1,"hidden":false},{"source":"cf53d6087edad6b6","target":"dccfea1aefaf654a","id":"8db36931ed61c50d","size":1,"hidden":false},{"source":"fc937aadbe660eba","target":"1d9d3e11ef955136","id":"694b923afa8e4c68","size":1,"hidden":false},{"source":"1d9d3e11ef955136","target":"9a8a8b96f041df59","id":"7e4e1002ffee2bdd","size":1,"hidden":false},{"source":"6924edcbcf8a4726","target":"64d101edddbe62e5","id":"742dbb531d66b516","size":1,"hidden":false},{"source":"c3f5adf30c338b03","target":"203295b4664eccff","id":"804b4720c5f53824","size":17,"hidden":false},{"source":"7e806bd231f56a2f","target":"fe5e89d1219ca520","id":"f85cabaddc741433","size":13,"hidden":false},{"source":"fc937aadbe660eba","target":"a00aa36868423e0d","id":"dbdf7efbd91f824a","size":1,"hidden":false},{"source":"1d9d3e11ef955136","target":"25cc72e819363e2f","id":"efbe28a6bfbd8f9a","size":12,"hidden":false},{"source":"1d9d3e11ef955136","target":"b9eb16987ad4fb89","id":"ead903cafd303900","size":1,"hidden":false},{"source":"756d9344921c3c34","target":"cf53d6087edad6b6","id":"b455901e11b7a92d","size":16,"hidden":false},{"source":"203295b4664eccff","target":"203295b4664eccff","id":"8ac1736c986a5e6a","size":99,"hidden":false},{"source":"25cc72e819363e2f","target":"3d0cb9679da2d4a1","id":"37a09e1395b5dc01","size":1,"hidden":false},{"source":"76ed8f421971c8ec","target":"76ed8f421971c8ec","id":"d41636a38d9ac75c","size":83,"hidden":false},{"source":"fc937aadbe660eba","target":"b74fb290a8b86e4a","id":"ab5af870d9efeb8b","size":1,"hidden":false},{"source":"19cf5025b2105647","target":"6924edcbcf8a4726","id":"6f7423e4ffb808e3","size":1,"hidden":false},{"source":"756d9344921c3c34","target":"dccfea1aefaf654a","id":"dbda5d079635ab66","size":1,"hidden":false},{"source":"1a0bfcdaf16f639d","target":"020c0367530bc947","id":"376fe0347976747e","size":1,"hidden":false},{"source":"25cc72e819363e2f","target":"020c0367530bc947","id":"c8b90fce90c19fad","size":1,"hidden":false},{"source":"7e806bd231f56a2f","target":"19cf5025b2105647","id":"9f2b5fad61b28987","size":63,"hidden":false},{"source":"7e806bd231f56a2f","target":"1d9d3e11ef955136","id":"dd9dc83bde70658e","size":41,"hidden":false},{"source":"7fbe58b1dc26b901","target":"7fbe58b1dc26b901","id":"edcc3f1433906f6a","size":23,"hidden":false},{"source":"25cc72e819363e2f","target":"fc937aadbe660eba","id":"6cf6ba0f4e394bab","size":7,"hidden":false},{"source":"19cf5025b2105647","target":"c3f5adf30c338b03","id":"b4da9aa577986f61","size":24,"hidden":false},{"source":"a66c7dbcfcef8b3e","target":"1630b9410fb00da4","id":"6fd0c74c94dc34d9","size":1,"hidden":false},{"source":"fe5e89d1219ca520","target":"82a331441aad11ef","id":"8551d183d5968ec2","size":1,"hidden":false},{"source":"19cf5025b2105647","target":"f7448292a7c6866d","id":"32592d1ae2cdcad7","size":9,"hidden":false},{"source":"2f10f9c68e4307dd","target":"64d101edddbe62e5","id":"cde8c02d8f7932f9","size":1,"hidden":false},{"source":"fc937aadbe660eba","target":"cf53d6087edad6b6","id":"dccb1f789499ea97","size":70,"hidden":false},{"source":"6924edcbcf8a4726","target":"76ed8f421971c8ec","id":"cdb4b5275c8b0e41","size":1,"hidden":false},{"source":"6924edcbcf8a4726","target":"a00aa36868423e0d","id":"09b6977e00fde297","size":1,"hidden":false},{"source":"a5c73bdd3ee46637","target":"977396656c7dae84","id":"56a4acd3189c91bb","size":1,"hidden":false},{"source":"76ed8f421971c8ec","target":"19cf5025b2105647","id":"77bc73a3de05b912","size":1,"hidden":false},{"source":"a66c7dbcfcef8b3e","target":"9a8a8b96f041df59","id":"5b44043183a03f63","size":1,"hidden":false},{"source":"203295b4664eccff","target":"affc349b48683bab","id":"f29e17ef3c4dab64","size":1,"hidden":false},{"source":"c3f5adf30c338b03","target":"6924edcbcf8a4726","id":"cf78b98cc0383da1","size":45,"hidden":false},{"source":"a66c7dbcfcef8b3e","target":"fa060939f4f8d10b","id":"7883dc5294a983e3","size":1,"hidden":false},{"source":"2deeea44185f83e1","target":"7e806bd231f56a2f","id":"88da9aa14440bf35","size":11,"hidden":false},{"source":"fc937aadbe660eba","target":"30e7d454894480fd","id":"0e60d15b0d88acd7","size":1,"hidden":false},{"source":"a5c73bdd3ee46637","target":"1630b9410fb00da4","id":"67bcdc95e4f087e1","size":1,"hidden":false},{"source":"53d93a95f3d52d70","target":"7e806bd231f56a2f","id":"561a17ef79ef69f1","size":7,"hidden":false},{"source":"7e806bd231f56a2f","target":"ec219aa64cbf10b3","id":"6bfa559d275dc43b","size":52,"hidden":false},{"source":"c3f5adf30c338b03","target":"19cf5025b2105647","id":"5cb26b4176dcc02c","size":24,"hidden":false},{"source":"fe5e89d1219ca520","target":"fa060939f4f8d10b","id":"05600c206944c50a","size":1,"hidden":false},{"source":"7e806bd231f56a2f","target":"cf53d6087edad6b6","id":"360b73107eb11e11","size":26,"hidden":false},{"source":"cf53d6087edad6b6","target":"b9eb16987ad4fb89","id":"85217ed01c84ec14","size":1,"hidden":false},{"source":"25cc72e819363e2f","target":"a00aa36868423e0d","id":"6543a19c74fe6741","size":1,"hidden":false},{"source":"1a0bfcdaf16f639d","target":"82a331441aad11ef","id":"053bcadc6bda7a45","size":1,"hidden":false},{"source":"fc937aadbe660eba","target":"c3f5adf30c338b03","id":"89267775ff1c59cc","size":23,"hidden":false},{"source":"2f10f9c68e4307dd","target":"dccfea1aefaf654a","id":"77d8f8fdab8b22b9","size":1,"hidden":false},{"source":"19cf5025b2105647","target":"7e806bd231f56a2f","id":"8168e8b125c4179e","size":27,"hidden":false},{"source":"25cc72e819363e2f","target":"2f10f9c68e4307dd","id":"8aac43f2867b1f38","size":1,"hidden":false},{"source":"6924edcbcf8a4726","target":"affc349b48683bab","id":"285fb3db5ce73ef1","size":1,"hidden":false},{"source":"1a0bfcdaf16f639d","target":"13299e66a9b286e7","id":"cfb22309ae9298d2","size":1,"hidden":false},{"source":"19cf5025b2105647","target":"756d9344921c3c34","id":"18ded9048c5121ad","size":1,"hidden":false},{"source":"cf53d6087edad6b6","target":"3d0cb9679da2d4a1","id":"7b673f4b249bb5ef","size":1,"hidden":false},{"source":"25cc72e819363e2f","target":"e1542eebc7b4d984","id":"54aa097c4185c82f","size":1,"hidden":false},{"source":"1a0bfcdaf16f639d","target":"fa060939f4f8d10b","id":"019d725b986c2ed8","size":1,"hidden":false},{"source":"1d9d3e11ef955136","target":"1a0bfcdaf16f639d","id":"5eec97a8fd9fcedd","size":1,"hidden":false},{"source":"6924edcbcf8a4726","target":"bb61f52224432aee","id":"33b468316656e908","size":1,"hidden":false},{"source":"203295b4664eccff","target":"7e806bd231f56a2f","id":"ec790dd5f37faeaa","size":20,"hidden":false},{"source":"1a0bfcdaf16f639d","target":"9f51bec5ac9ba677","id":"81558a41c933c05f","size":1,"hidden":false},{"source":"cf53d6087edad6b6","target":"5c2b2d53847a12e6","id":"ed4bb1e9ee464109","size":1,"hidden":false},{"source":"2f10f9c68e4307dd","target":"2b299c64a56ed708","id":"e563a2e2fda215ea","size":1,"hidden":false},{"source":"7e806bd231f56a2f","target":"a5c73bdd3ee46637","id":"6d5018652bfca2b3","size":15,"hidden":false},{"source":"f7448292a7c6866d","target":"19cf5025b2105647","id":"e96ef876a8abd96c","size":9,"hidden":false},{"source":"fc937aadbe660eba","target":"7e806bd231f56a2f","id":"0adf71abccfabf10","size":18,"hidden":false},{"source":"1a0bfcdaf16f639d","target":"ef8d20d0af8b709b","id":"33df7404eb58985e","size":1,"hidden":false},{"source":"6924edcbcf8a4726","target":"daf199f8bc711a1d","id":"cbcad614763e37bf","size":1,"hidden":false},{"source":"7e806bd231f56a2f","target":"7e806bd231f56a2f","id":"e27ed24854f8037f","size":274,"hidden":false},{"source":"fc937aadbe660eba","target":"2f10f9c68e4307dd","id":"3c41e84489ce277c","size":27,"hidden":false},{"source":"fe5e89d1219ca520","target":"6924edcbcf8a4726","id":"ca2b2a49a7158ee0","size":9,"hidden":false},{"source":"1d9d3e11ef955136","target":"3d0cb9679da2d4a1","id":"5cbafd119904d91c","size":1,"hidden":false},{"source":"25cc72e819363e2f","target":"824658bd2bb4d26e","id":"dc48c1647e25629e","size":1,"hidden":false},{"source":"6924edcbcf8a4726","target":"6c7d57d189556e5a","id":"ac1c6c99ade9982d","size":1,"hidden":false},{"source":"6924edcbcf8a4726","target":"fc937aadbe660eba","id":"adc6711d6f269a6d","size":25,"hidden":false},{"source":"fc937aadbe660eba","target":"64d101edddbe62e5","id":"fa1b43cf065df747","size":1,"hidden":false},{"source":"cf53d6087edad6b6","target":"807d8aa150f233f4","id":"307ea1cef487f86e","size":1,"hidden":false},{"source":"6924edcbcf8a4726","target":"fe5e89d1219ca520","id":"0083b5bf0846ead1","size":9,"hidden":false},{"source":"cf53d6087edad6b6","target":"12fc89dc15f5b780","id":"4c0229c1f7b7da61","size":1,"hidden":false},{"source":"7fbe58b1dc26b901","target":"7e806bd231f56a2f","id":"b8d05029b320bd5c","size":7,"hidden":false},{"source":"1a0bfcdaf16f639d","target":"6924edcbcf8a4726","id":"296802401029a5c4","size":23,"hidden":false},{"source":"25cc72e819363e2f","target":"30e7d454894480fd","id":"a97187ccbdff4235","size":1,"hidden":false},{"source":"e4ff7716fd62b22a","target":"7e806bd231f56a2f","id":"4709ae980ced3538","size":53,"hidden":false},{"source":"1a0bfcdaf16f639d","target":"25cc72e819363e2f","id":"c81c53098dd50f84","size":39,"hidden":false},{"source":"1a0bfcdaf16f639d","target":"0f9e87867974bf3c","id":"c007872185bba767","size":1,"hidden":false},{"source":"c3f5adf30c338b03","target":"9f51bec5ac9ba677","id":"9e4994300da3903e","size":1,"hidden":false},{"source":"1a0bfcdaf16f639d","target":"b9f8b1d75b1686de","id":"9aa24218f08af6c5","size":1,"hidden":false},{"source":"7e806bd231f56a2f","target":"f7448292a7c6866d","id":"23b7f9873a11e90a","size":20,"hidden":false},{"source":"c3f5adf30c338b03","target":"72d98d50d7e9bfeb","id":"b28d5ebe1191bb21","size":1,"hidden":false},{"source":"c3f5adf30c338b03","target":"cf53d6087edad6b6","id":"f70f42779f25230e","size":48,"hidden":false},{"source":"fc937aadbe660eba","target":"a66c7dbcfcef8b3e","id":"c21249babac3b2f7","size":30,"hidden":false},{"source":"c3f5adf30c338b03","target":"9a8a8b96f041df59","id":"498e42b0805046bd","size":1,"hidden":false},{"source":"fe5e89d1219ca520","target":"daf199f8bc711a1d","id":"a60a78f2ac7a1b20","size":1,"hidden":false},{"source":"1d9d3e11ef955136","target":"dccfea1aefaf654a","id":"b13a76d8f1f6ee02","size":1,"hidden":false},{"source":"1a0bfcdaf16f639d","target":"dccfea1aefaf654a","id":"fa6bbf5460bce5a0","size":1,"hidden":false},{"source":"fc937aadbe660eba","target":"d03ddf483463046e","id":"57dd3569d21cc38d","size":1,"hidden":false},{"source":"2f10f9c68e4307dd","target":"6924edcbcf8a4726","id":"b1d540e45bc1dc5d","size":10,"hidden":false},{"source":"fc937aadbe660eba","target":"5c2b2d53847a12e6","id":"48a83f0153457398","size":1,"hidden":false},{"source":"6924edcbcf8a4726","target":"c3f5adf30c338b03","id":"41ccece6bcf8ce94","size":45,"hidden":false},{"source":"cf53d6087edad6b6","target":"2b299c64a56ed708","id":"c14ee239a3309ead","size":1,"hidden":false},{"source":"fe5e89d1219ca520","target":"5c2b2d53847a12e6","id":"27c7137d29de479b","size":1,"hidden":false},{"source":"25cc72e819363e2f","target":"9a8a8b96f041df59","id":"24ae9023db78009f","size":1,"hidden":false},{"source":"e4ff7716fd62b22a","target":"e4ff7716fd62b22a","id":"9fa2a70689fe0ed8","size":263,"hidden":false},{"source":"fe5e89d1219ca520","target":"a66c7dbcfcef8b3e","id":"23302d4c304359ae","size":11,"hidden":false},{"source":"6924edcbcf8a4726","target":"9f51bec5ac9ba677","id":"552b4cdc51394fc8","size":1,"hidden":false},{"source":"2f10f9c68e4307dd","target":"a743b21eb1a20649","id":"a3e227c7ee874041","size":1,"hidden":false},{"source":"fe5e89d1219ca520","target":"2f10f9c68e4307dd","id":"5ec2f7f5b7c7f2c5","size":12,"hidden":false},{"source":"25cc72e819363e2f","target":"7e806bd231f56a2f","id":"d44722c1b3fbb5de","size":51,"hidden":false},{"source":"7e806bd231f56a2f","target":"e4ff7716fd62b22a","id":"b7c13602e8aed372","size":105,"hidden":false},{"source":"ec219aa64cbf10b3","target":"7e806bd231f56a2f","id":"c096f5b075ff86b4","size":27,"hidden":false},{"source":"a66c7dbcfcef8b3e","target":"daf199f8bc711a1d","id":"22b5ec0813ae72a5","size":1,"hidden":false},{"source":"756d9344921c3c34","target":"7e806bd231f56a2f","id":"03aa639f30a5647b","size":20,"hidden":false},{"source":"7e806bd231f56a2f","target":"c3f5adf30c338b03","id":"3bf72497c80564c0","size":129,"hidden":false},{"source":"2f10f9c68e4307dd","target":"fe5e89d1219ca520","id":"98196a292988f702","size":12,"hidden":false},{"source":"cf53d6087edad6b6","target":"a00aa36868423e0d","id":"9eeb69f63fd37439","size":1,"hidden":false},{"source":"6924edcbcf8a4726","target":"1a0bfcdaf16f639d","id":"10f619527dfafebf","size":23,"hidden":false},{"source":"7e806bd231f56a2f","target":"1a0bfcdaf16f639d","id":"95c2f457a536a603","size":39,"hidden":false},{"source":"1a0bfcdaf16f639d","target":"a66c7dbcfcef8b3e","id":"15addc07bc2b0b94","size":18,"hidden":false},{"source":"a66c7dbcfcef8b3e","target":"a66c7dbcfcef8b3e","id":"b20f09b6648e9b9f","size":110,"hidden":false},{"source":"6924edcbcf8a4726","target":"b9f8b1d75b1686de","id":"1f4aad1902a7bf26","size":1,"hidden":false},{"source":"25cc72e819363e2f","target":"5b974007c86390ba","id":"5ab77de49097dd34","size":1,"hidden":false},{"source":"cf53d6087edad6b6","target":"b74fb290a8b86e4a","id":"a98387a73a3d8b94","size":1,"hidden":false},{"source":"cf53d6087edad6b6","target":"9a8a8b96f041df59","id":"b8eea3c39cb915fd","size":1,"hidden":false},{"source":"fc937aadbe660eba","target":"dccfea1aefaf654a","id":"9356e380c3f7e954","size":1,"hidden":false},{"source":"203295b4664eccff","target":"c3f5adf30c338b03","id":"4f21eb5013776159","size":17,"hidden":false},{"source":"c3f5adf30c338b03","target":"f01fc290c42185e9","id":"45afe1a87efcf58f","size":1,"hidden":false},{"source":"a66c7dbcfcef8b3e","target":"7e806bd231f56a2f","id":"5271265c5f16ba4d","size":28,"hidden":false},{"source":"fe5e89d1219ca520","target":"1a0bfcdaf16f639d","id":"c4a5a5aff7db3abf","size":10,"hidden":false},{"source":"c3f5adf30c338b03","target":"80520bb864c5db64","id":"b316a69cde9d2de4","size":1,"hidden":false},{"source":"2f10f9c68e4307dd","target":"fc937aadbe660eba","id":"1f6ed8dc8301ff52","size":27,"hidden":false},{"source":"a66c7dbcfcef8b3e","target":"80520bb864c5db64","id":"6821ed17fc34c6e8","size":1,"hidden":false},{"source":"6924edcbcf8a4726","target":"2f10f9c68e4307dd","id":"d730e10b3f5cfe55","size":10,"hidden":false},{"source":"cf53d6087edad6b6","target":"9f51bec5ac9ba677","id":"69239111415918d0","size":1,"hidden":false},{"source":"cf53d6087edad6b6","target":"82a331441aad11ef","id":"d564e8b8da555611","size":1,"hidden":false},{"source":"cf53d6087edad6b6","target":"fc937aadbe660eba","id":"6548c329b1b3af2e","size":70,"hidden":false},{"source":"fe5e89d1219ca520","target":"7e806bd231f56a2f","id":"928df1bd4706287e","size":7,"hidden":false},{"source":"c3f5adf30c338b03","target":"c3f5adf30c338b03","id":"3a67a527110de848","size":42,"hidden":false},{"source":"c3f5adf30c338b03","target":"6c7d57d189556e5a","id":"c98b8cf5683364a2","size":1,"hidden":false},{"source":"25cc72e819363e2f","target":"80520bb864c5db64","id":"7895bd8bf9bc6fcd","size":1,"hidden":false},{"source":"cf53d6087edad6b6","target":"25cc72e819363e2f","id":"9eabd4ef579c9898","size":72,"hidden":false},{"source":"cf53d6087edad6b6","target":"1d9d3e11ef955136","id":"f470b34b35817181","size":15,"hidden":false},{"source":"e4ff7716fd62b22a","target":"7fbe58b1dc26b901","id":"d6b909491a2bc162","size":8,"hidden":false},{"source":"cf53d6087edad6b6","target":"6924edcbcf8a4726","id":"6883c326b2591516","size":16,"hidden":false},{"source":"7e806bd231f56a2f","target":"53d93a95f3d52d70","id":"cdfab8b019b04b1b","size":13,"hidden":false},{"source":"25cc72e819363e2f","target":"1a0bfcdaf16f639d","id":"1ab27119d9b9c10d","size":39,"hidden":false},{"source":"2f10f9c68e4307dd","target":"b74fb290a8b86e4a","id":"a6b6cc718a1014f7","size":1,"hidden":false},{"source":"a66c7dbcfcef8b3e","target":"1a0bfcdaf16f639d","id":"b2084cc46e5b4dcc","size":18,"hidden":false},{"source":"1a0bfcdaf16f639d","target":"5c2b2d53847a12e6","id":"9fd66e59b3efb073","size":1,"hidden":false},{"source":"6924edcbcf8a4726","target":"7e806bd231f56a2f","id":"be3574c9832aa7cb","size":15,"hidden":false},{"source":"7e806bd231f56a2f","target":"7fbe58b1dc26b901","id":"060d772b4f6f8f72","size":13,"hidden":false},{"source":"fc937aadbe660eba","target":"f01fc290c42185e9","id":"990e24dc62ab0071","size":1,"hidden":false}]}