{"edges":[ {"source": "c3f5adf30c338b03","target": "bb61f52224432aee","id": "696afc0e480570c0","size": 1,"hidden":false}, {"source": "6924edcbcf8a4726","target": "19cf5025b2105647","id": "09aade76e36ea881","size": 1,"hidden":false}, {"source": "affc349b48683bab","target": "203295b4664eccff","id": "c081bf3cf90ce3c5","size": 9,"hidden":false}, {"source": "affc349b48683bab","target": "9f51bec5ac9ba677","id": "ced950d5b94739c8","size": 1,"hidden":false}, {"source": "c3f5adf30c338b03","target": "fc937aadbe660eba","id": "b570fa7576bdacc5","size": 1,"hidden":false}, {"source": "203295b4664eccff","target": "6924edcbcf8a4726","id": "51d210fd298ccc17","size": 35,"hidden":false}, {"source": "6924edcbcf8a4726","target": "5c2b2d53847a12e6","id": "1f624b7d0163280c","size": 1,"hidden":false}, {"source": "c3f5adf30c338b03","target": "daf199f8bc711a1d","id": "5adaa46951f45f64","size": 1,"hidden":false}, {"source": "6924edcbcf8a4726","target": "0f9e87867974bf3c","id": "0eba8e5142d3c338","size": 1,"hidden":false}, {"source": "6924edcbcf8a4726","target": "a743b21eb1a20649","id": "43b9b65c29a05cc1","size": 1,"hidden":false}, {"source": "7e806bd231f56a2f","target": "76ed8f421971c8ec","id": "84a8e693d7c48935","size": 1,"hidden":false}, {"source": "6924edcbcf8a4726","target": "f96a9cd169cf450d","id": "ccd4d16ada39c2c8","size": 1,"hidden":false}, {"source": "6924edcbcf8a4726","target": "6924edcbcf8a4726","id": "5d33c5ee8c91aed0","size": 171,"hidden":false}, {"source": "c3f5adf30c338b03","target": "7e806bd231f56a2f","id": "d76c2622b9f538c2","size": 65,"hidden":false}, {"source": "6924edcbcf8a4726","target": "cf53d6087edad6b6","id": "0a2313bd40ab3961","size": 1,"hidden":false}, {"source": "c3f5adf30c338b03","target": "76ed8f421971c8ec","id": "b3ce46baef4d3c23","size": 1,"hidden":false}, {"source": "6924edcbcf8a4726","target": "6435337cf187e2c9","id": "e7e314d7a2037ce0","size": 1,"hidden":false}, {"source": "affc349b48683bab","target": "f96a9cd169cf450d","id": "abee85ceff833218","size": 1,"hidden":false}, {"source": "c0b95f91318c731d","target": "203295b4664eccff","id": "b184c039e673358d","size": 76,"hidden":false}, {"source": "affc349b48683bab","target": "a743b21eb1a20649","id": "11f458d6e923841d","size": 1,"hidden":false}, {"source": "affc349b48683bab","target": "6924edcbcf8a4726","id": "17a2d8630fb6c0f4","size": 63,"hidden":false}, {"source": "7e806bd231f56a2f","target": "2f10f9c68e4307dd","id": "6318a79a60442889","size": 1,"hidden":false}, {"source": "7e806bd231f56a2f","target": "a66c7dbcfcef8b3e","id": "608eb84386500e99","size": 1,"hidden":false}, {"source": "6924edcbcf8a4726","target": "ad2ec69d24c7edc1","id": "93ebe07ab218e434","size": 1,"hidden":false}, {"source": "affc349b48683bab","target": "0f9e87867974bf3c","id": "87da94a88eda4ca7","size": 1,"hidden":false}, {"source": "6924edcbcf8a4726","target": "30e7d454894480fd","id": "b81e325dbdaee219","size": 1,"hidden":false}, {"source": "6924edcbcf8a4726","target": "203295b4664eccff","id": "90fa88303f3ca643","size": 18,"hidden":false}, {"source": "c3f5adf30c338b03","target": "1d9d3e11ef955136","id": "55ed8f1f27963a05","size": 1,"hidden":false}, {"source": "7e806bd231f56a2f","target": "6924edcbcf8a4726","id": "a49fb66650b47001","size": 15,"hidden":false}, {"source": "affc349b48683bab","target": "64d101edddbe62e5","id": "91d29a1577c9db3e","size": 1,"hidden":false}, {"source": "7e806bd231f56a2f","target": "fc937aadbe660eba","id": "42a3328baa81fc27","size": 1,"hidden":false}, {"source": "203295b4664eccff","target": "825501595685d03e","id": "bc589446add78c44","size": 19,"hidden":false}, {"source": "7e806bd231f56a2f","target": "203295b4664eccff","id": "5bb469f7f0db8cbb","size": 20,"hidden":false}, {"source": "affc349b48683bab","target": "affc349b48683bab","id": "06ae26df16a16565","size": 212,"hidden":false}, {"source": "6924edcbcf8a4726","target": "64d101edddbe62e5","id": "742dbb531d66b516","size": 1,"hidden":false}, {"source": "c3f5adf30c338b03","target": "203295b4664eccff","id": "804b4720c5f53824","size": 17,"hidden":false}, {"source": "7e806bd231f56a2f","target": "fe5e89d1219ca520","id": "f85cabaddc741433","size": 1,"hidden":false}, {"source": "203295b4664eccff","target": "203295b4664eccff","id": "8ac1736c986a5e6a","size": 295,"hidden":false}, {"source": "825501595685d03e","target": "203295b4664eccff","id": "a2075372231ca4be","size": 1,"hidden":false}, {"source": "7e806bd231f56a2f","target": "19cf5025b2105647","id": "9f2b5fad61b28987","size": 1,"hidden":false}, {"source": "7e806bd231f56a2f","target": "1d9d3e11ef955136","id": "dd9dc83bde70658e","size": 1,"hidden":false}, {"source": "affc349b48683bab","target": "ad2ec69d24c7edc1","id": "abb5dd23bb5175b1","size": 1,"hidden":false}, {"source": "affc349b48683bab","target": "6435337cf187e2c9","id": "507bd92f95feca3d","size": 1,"hidden":false}, {"source": "6924edcbcf8a4726","target": "76ed8f421971c8ec","id": "cdb4b5275c8b0e41","size": 1,"hidden":false}, {"source": "203295b4664eccff","target": "affc349b48683bab","id": "f29e17ef3c4dab64","size": 16,"hidden":false}, {"source": "c3f5adf30c338b03","target": "6924edcbcf8a4726","id": "cf78b98cc0383da1","size": 45,"hidden":false}, {"source": "c3f5adf30c338b03","target": "19cf5025b2105647","id": "5cb26b4176dcc02c","size": 1,"hidden":false}, {"source": "7e806bd231f56a2f","target": "cf53d6087edad6b6","id": "360b73107eb11e11","size": 1,"hidden":false}, {"source": "6924edcbcf8a4726","target": "affc349b48683bab","id": "285fb3db5ce73ef1","size": 63,"hidden":false}, {"source": "6924edcbcf8a4726","target": "bb61f52224432aee","id": "33b468316656e908","size": 1,"hidden":false}, {"source": "203295b4664eccff","target": "7e806bd231f56a2f","id": "ec790dd5f37faeaa","size": 40,"hidden":false}, {"source": "affc349b48683bab","target": "fe5e89d1219ca520","id": "97ef7119fe266eeb","size": 1,"hidden":false}, {"source": "6924edcbcf8a4726","target": "daf199f8bc711a1d","id": "cbcad614763e37bf","size": 1,"hidden":false}, {"source": "7e806bd231f56a2f","target": "7e806bd231f56a2f","id": "e27ed24854f8037f","size": 92,"hidden":false}, {"source": "6924edcbcf8a4726","target": "6c7d57d189556e5a","id": "ac1c6c99ade9982d","size": 1,"hidden":false}, {"source": "6924edcbcf8a4726","target": "fc937aadbe660eba","id": "adc6711d6f269a6d","size": 1,"hidden":false}, {"source": "6924edcbcf8a4726","target": "fe5e89d1219ca520","id": "0083b5bf0846ead1","size": 1,"hidden":false}, {"source": "c3f5adf30c338b03","target": "9f51bec5ac9ba677","id": "9e4994300da3903e","size": 1,"hidden":false}, {"source": "affc349b48683bab","target": "30e7d454894480fd","id": "9c7cd425444401fb","size": 1,"hidden":false}, {"source": "c3f5adf30c338b03","target": "cf53d6087edad6b6","id": "f70f42779f25230e","size": 1,"hidden":false}, {"source": "6924edcbcf8a4726","target": "c3f5adf30c338b03","id": "41ccece6bcf8ce94","size": 45,"hidden":false}, {"source": "6924edcbcf8a4726","target": "9f51bec5ac9ba677","id": "552b4cdc51394fc8","size": 1,"hidden":false}, {"source": "affc349b48683bab","target": "daf199f8bc711a1d","id": "68ebe1af02346c0f","size": 1,"hidden":false}, {"source": "affc349b48683bab","target": "a66c7dbcfcef8b3e","id": "16cd9924d687ff2e","size": 1,"hidden":false}, {"source": "7e806bd231f56a2f","target": "c3f5adf30c338b03","id": "3bf72497c80564c0","size": 65,"hidden":false}, {"source": "6924edcbcf8a4726","target": "1a0bfcdaf16f639d","id": "10f619527dfafebf","size": 1,"hidden":false}, {"source": "7e806bd231f56a2f","target": "1a0bfcdaf16f639d","id": "95c2f457a536a603","size": 1,"hidden":false}, {"source": "203295b4664eccff","target": "c3f5adf30c338b03","id": "4f21eb5013776159","size": 33,"hidden":false}, {"source": "6924edcbcf8a4726","target": "2f10f9c68e4307dd","id": "d730e10b3f5cfe55","size": 1,"hidden":false}, {"source": "c3f5adf30c338b03","target": "c3f5adf30c338b03","id": "3a67a527110de848","size": 42,"hidden":false}, {"source": "c3f5adf30c338b03","target": "6c7d57d189556e5a","id": "c98b8cf5683364a2","size": 1,"hidden":false}, {"source": "affc349b48683bab","target": "5c2b2d53847a12e6","id": "9e1e5c1708ead2e5","size": 1,"hidden":false}, {"source": "203295b4664eccff","target": "c0b95f91318c731d","id": "4b67647ac4609923","size": 252,"hidden":false}, {"source": "affc349b48683bab","target": "1a0bfcdaf16f639d","id": "92dc4e6c40229109","size": 1,"hidden":false}, {"source": "6924edcbcf8a4726","target": "7e806bd231f56a2f","id": "be3574c9832aa7cb","size": 15,"hidden":false}],"nodes":[ {"type": "circle","name": "张斌","phone": "18678878010","id": "a66c7dbcfcef8b3e","x": 343,"y": 1197,"color": "#E25D68","size": 5,"rank": 5,"hidden": false,"classname": "涉藏","grade": 2,"pid": "15646367674205","topk": 14,"topk_value": 0.8817443560505664}, {"type": "circle","name": "","phone": "18353820813","id": "9f51bec5ac9ba677","x": 1052,"y": 721,"color": "#E25D68","size": 5,"rank": 5,"hidden": false,"classname": "涉藏","grade": 2,"pid": "15646367674205","topk": 12,"topk_value": 0.8943619798310068}, {"type": "circle","name": "","phone": "15668387566","id": "5c2b2d53847a12e6","x": 1334,"y": 735,"color": "#E25D68","size": 5,"rank": 5,"hidden": false,"classname": "涉藏","grade": 2,"pid": "15646367674205","topk": 21,"topk_value": 0.878345501498782}, {"type": "circle","name": "徐会宝","phone": "18668921955","id": "fe5e89d1219ca520","x": 1097,"y": 1419,"color": "#E25D68","size": 5,"rank": 5,"hidden": false,"classname": "涉藏","grade": 2,"pid": "15646367674205","topk": 10,"topk_value": 0.8943646789867762}, {"type": "circle","name": "","phone": "13705310098","id": "6435337cf187e2c9","x": 497,"y": 578,"color": "#E25D68","size": 5,"rank": 5,"hidden": false,"classname": "涉藏","grade": 2,"pid": "15646367674205","topk": 20,"topk_value": 0.878345501498782}, {"type": "equilateral","name": "陈传军","phone": "15553149815","id": "affc349b48683bab","x": 914,"y": 893,"color": "#E25D68","size": 10,"rank": 5,"hidden": false,"classname": "涉藏","grade": 1,"pid": "15646367674205","topk": 1,"topk_value": 1.6782458730647298}, {"type": "circle","name": "程琳","phone": "15563358200","id": "daf199f8bc711a1d","x": 707,"y": 667,"color": "#E25D68","size": 5,"rank": 5,"hidden": false,"classname": "涉藏","grade": 2,"pid": "15646367674205","topk": 11,"topk_value": 0.8943619798310068}, {"type": "circle","name": "殷方丽","phone": "18254158869","id": "2f10f9c68e4307dd","x": 958,"y": 1621,"color": "#E25D68","size": 4,"rank": 5,"hidden": false,"classname": "涉藏","grade": 2,"pid": "15646367674205","topk": 15,"topk_value": 0.8786395004242039}, {"type": "circle","name": "汪达成","phone": "18615218393","id": "1d9d3e11ef955136","x": 1321,"y": 1180,"color": "#E25D68","size": 5,"rank": 5,"hidden": false,"classname": "涉藏","grade": 2,"pid": "15646367674205","topk": 13,"topk_value": 0.8820356558202191}, {"type": "circle","name": "付忠贺","phone": "13153101920","id": "76ed8f421971c8ec","x": 1301,"y": 974,"color": "#E25D68","size": 4,"rank": 5,"hidden": false,"classname": "涉藏","grade": 2,"pid": "15646367674205","topk": 6,"topk_value": 0.8946559787564288}, {"type": "circle","name": "","phone": "15106965060","id": "19cf5025b2105647","x": 1294,"y": 1532,"color": "#E25D68","size": 6,"rank": 5,"hidden": false,"classname": "涉藏","grade": 2,"pid": "15646367674205","topk": 7,"topk_value": 0.8946559787564288}, {"type": "circle","name": "吴坤","phone": "18605331731","id": "64d101edddbe62e5","x": 1440,"y": 559,"color": "#E25D68","size": 5,"rank": 5,"hidden": false,"classname": "涉藏","grade": 2,"pid": "15646367674205","topk": 24,"topk_value": 0.878345501498782}, {"type": "star","name": "王在学","phone": "18615522075","id": "203295b4664eccff","x": 1036,"y": 1220,"color": "#E25D68","size": 10,"rank": 5,"hidden": false,"classname": "涉藏","grade": 0,"pid": "15646367674205","topk": 4,"topk_value": 0.9385202877791184}, {"type": "equilateral","name": "","phone": "18866610041","id": "c0b95f91318c731d","x": 656,"y": 1031,"color": "#8BC34A","size": 10,"rank": 5,"hidden": false,"classname": "涉藏","grade": 1,"pid": "15646367674205","topk": -1,"topk_value": -1.0}, {"type": "circle","name": "孙全志","phone": "18253101690","id": "fc937aadbe660eba","x": 473,"y": 928,"color": "#E25D68","size": 6,"rank": 5,"hidden": false,"classname": "涉藏","grade": 2,"pid": "15646367674205","topk": 5,"topk_value": 0.8946559787564288}, {"type": "circle","name": "艾苗","phone": "18553003678","id": "6c7d57d189556e5a","x": 1037,"y": 561,"color": "#E25D68","size": 6,"rank": 5,"hidden": false,"classname": "涉藏","grade": 2,"pid": "15646367674205","topk": 17,"topk_value": 0.8786368012684346}, {"type": "circle","name": "祝向前","phone": "15990968007","id": "bb61f52224432aee","x": 1650,"y": 1084,"color": "#E25D68","size": 4,"rank": 5,"hidden": false,"classname": "涉藏","grade": 2,"pid": "15646367674205","topk": 16,"topk_value": 0.8786368012684346}, {"type": "equilateral","name": "","phone": "15550911152","id": "825501595685d03e","x": 694,"y": 1194,"color": "#8BC34A","size": 6,"rank": 5,"hidden": false,"classname": "涉藏","grade": 1,"pid": "15646367674205","topk": -1,"topk_value": -1.0}, {"type": "circle","name": "","phone": "13793173325","id": "1a0bfcdaf16f639d","x": 754,"y": 1481,"color": "#E25D68","size": 6,"rank": 5,"hidden": false,"classname": "涉藏","grade": 2,"pid": "15646367674205","topk": 9,"topk_value": 0.8943646789867762}, {"type": "equilateral","name": "吴丹丹","phone": "18615686505","id": "7e806bd231f56a2f","x": 909,"y": 1265,"color": "#E25D68","size": 10,"rank": 5,"hidden": false,"classname": "涉藏","grade": 1,"pid": "15646367674205","topk": 2,"topk_value": 1.3891824024640962}, {"type": "circle","name": "","phone": "18506413343","id": "30e7d454894480fd","x": 1528,"y": 902,"color": "#E25D68","size": 4,"rank": 5,"hidden": false,"classname": "涉藏","grade": 2,"pid": "15646367674205","topk": 23,"topk_value": 0.878345501498782}, {"type": "equilateral","name": "赵凯","phone": "15665888024","id": "6924edcbcf8a4726","x": 1056,"y": 943,"color": "#E25D68","size": 10,"rank": 5,"hidden": false,"classname": "涉藏","grade": 1,"pid": "15646367674205","topk": 0,"topk_value": 2.020669142535785}, {"type": "circle","name": "","phone": "15153126336","id": "0f9e87867974bf3c","x": 819,"y": 400,"color": "#E25D68","size": 5,"rank": 5,"hidden": false,"classname": "涉藏","grade": 2,"pid": "15646367674205","topk": 25,"topk_value": 0.878345501498782}, {"type": "circle","name": "","phone": "17864166416","id": "f96a9cd169cf450d","x": 579,"y": 1369,"color": "#E25D68","size": 5,"rank": 5,"hidden": false,"classname": "涉藏","grade": 2,"pid": "15646367674205","topk": 19,"topk_value": 0.878345501498782}, {"type": "circle","name": "","phone": "15552590521","id": "a743b21eb1a20649","x": 1166,"y": 391,"color": "#E25D68","size": 5,"rank": 5,"hidden": false,"classname": "涉藏","grade": 2,"pid": "15646367674205","topk": 18,"topk_value": 0.878345501498782}, {"type": "circle","name": "李晓芹","phone": "13793136192","id": "ad2ec69d24c7edc1","x": 726,"y": 848,"color": "#E25D68","size": 4,"rank": 5,"hidden": false,"classname": "涉藏","grade": 2,"pid": "15646367674205","topk": 22,"topk_value": 0.878345501498782}, {"type": "circle","name": "","phone": "16653159986","id": "cf53d6087edad6b6","x": 1433,"y": 1295,"color": "#E25D68","size": 6,"rank": 5,"hidden": false,"classname": "涉藏","grade": 2,"pid": "15646367674205","topk": 8,"topk_value": 0.8946559787564288}, {"type": "equilateral","name": "","phone": "13256730382","id": "c3f5adf30c338b03","x": 1020,"y": 1074,"color": "#E25D68","size": 10,"rank": 5,"hidden": false,"classname": "涉藏","grade": 1,"pid": "15646367674205","topk": 3,"topk_value": 1.388949497172876}],"success":"true"}