{"edges":[ {"source": "84a73555fc65c8ce","target": "ed785503eedaafa8","id": "e06011568aefc5ab","size": 1,"hidden":false}, {"source": "84a73555fc65c8ce","target": "052ef71acfcf8716","id": "b68a20a6277e664d","size": 1,"hidden":false}, {"source": "84a73555fc65c8ce","target": "9ea33adeb4cb3eec","id": "271a91a11d729f89","size": 1,"hidden":false}, {"source": "e38867b56d0bc288","target": "84a73555fc65c8ce","id": "17aae0e1fcad8597","size": 1,"hidden":false}, {"source": "84a73555fc65c8ce","target": "e38867b56d0bc288","id": "6f5bbf6eae2f8a48","size": 1,"hidden":false}, {"source": "ed785503eedaafa8","target": "84a73555fc65c8ce","id": "2749458be78fbd8d","size": 1,"hidden":false}, {"source": "052ef71acfcf8716","target": "052ef71acfcf8716","id": "f75d35d9a0090749","size": 42,"hidden":false}, {"source": "84a73555fc65c8ce","target": "60db626170e8c223","id": "0bbccdd306a686e1","size": 1,"hidden":false}, {"source": "60db626170e8c223","target": "84a73555fc65c8ce","id": "1d7b8b7ec9ab07df","size": 1,"hidden":false}, {"source": "e38867b56d0bc288","target": "e38867b56d0bc288","id": "1178d0f41fd5e954","size": 76,"hidden":false}, {"source": "052ef71acfcf8716","target": "84a73555fc65c8ce","id": "7c40940b1f437822","size": 1,"hidden":false}],"nodes":[ {"type": "star","name": "赵文姬","phone": "18866408003","id": "84a73555fc65c8ce","x": 649,"y": 1203,"color": "#E25D68","size": 7,"rank": 5,"hidden": false,"classname": "涉毒","grade": 0,"pid": "15649896652561","topk": 0,"topk_value": 1.32722037109375}, {"type": "equilateral","name": "","phone": "15650593718","id": "e38867b56d0bc288","x": 1291,"y": 920,"color": "#E25D68","size": 9,"rank": 5,"hidden": false,"classname": "涉毒","grade": 1,"pid": "15649896652561","topk": 1,"topk_value": 0.97225919921875}, {"type": "equilateral","name": "","phone": "13455174487","id": "ed785503eedaafa8","x": 970,"y": 1067,"color": "#E25D68","size": 8,"rank": 5,"hidden": false,"classname": "涉毒","grade": 1,"pid": "15649896652561","topk": 2,"topk_value": 0.8994984765625}, {"type": "equilateral","name": "","phone": "19941629693","id": "9ea33adeb4cb3eec","x": 1003,"y": 712,"color": "#E25D68","size": 5,"rank": 5,"hidden": false,"classname": "涉毒","grade": 1,"pid": "15649896652561","topk": 3,"topk_value": 0.8994984765625}, {"type": "equilateral","name": "","phone": "13668805884","id": "60db626170e8c223","x": 684,"y": 857,"color": "#E25D68","size": 10,"rank": 5,"hidden": false,"classname": "涉毒","grade": 1,"pid": "15649896652561","topk": 4,"topk_value": 0.8994984765625}, {"type": "equilateral","name": "","phone": "18654583615","id": "052ef71acfcf8716","x": 1263,"y": 1270,"color": "#8BC34A","size": 8,"rank": 5,"hidden": false,"classname": "涉毒","grade": 1,"pid": "15649896652561","topk": 0,"topk_value": 1.0}],"success":"true"}