{"nodes":[{"classname":"涉毒","grade":2,"type":"circle","name":"","phone":"17853170178","pid":"15644489249043","id":"da58058554096360","x":452,"y":911,"color":"#E25D68","size":4,"rank":5,"hidden":false,"flag":false,"topk":81,"topk_value":0.8520298874319548},{"classname":"涉毒","grade":2,"type":"circle","name":"","phone":"17660998924","pid":"15644489249043","id":"7571626881324235","x":1544,"y":752,"color":"#E25D68","size":5,"rank":5,"hidden":false,"flag":false,"topk":30,"topk_value":0.8586166056446953},{"classname":"涉毒","grade":2,"type":"circle","name":"李宁","phone":"15098829200","pid":"15644489249043","id":"4d1aa2b66669d313","x":1823,"y":781,"color":"#E25D68","size":5,"rank":5,"hidden":false,"flag":false,"topk":53,"topk_value":0.8532166139149234},{"classname":"涉毒","grade":2,"type":"circle","name":"","phone":"18615661567","pid":"15644489249043","id":"56bb89886c5df915","x":203,"y":1306,"color":"#E25D68","size":5,"rank":5,"hidden":false,"flag":false,"topk":69,"topk_value":0.852578963664677},{"classname":"涉毒","grade":2,"type":"circle","name":"","phone":"15820002335","pid":"15644489249043","id":"4250c489a6980664","x":1216,"y":194,"color":"#E25D68","size":5,"rank":5,"hidden":false,"flag":false,"topk":58,"topk_value":0.8530313191493929},{"classname":"涉毒","grade":2,"type":"circle","name":"","phone":"17853172033","pid":"15644489249043","id":"af48127c36c2d661","x":397,"y":1026,"color":"#E25D68","size":6,"rank":5,"hidden":false,"flag":false,"topk":48,"topk_value":0.8541312765999434},{"classname":"涉毒","grade":1,"type":"equilateral","name":"","phone":"18606355031","pid":"15644489249043","id":"161d5c771886163e","x":1832.9027392257124,"y":631.4810810810811,"color":"#8BC34A","size":5,"rank":5,"hidden":false,"flag":false,"topk":-1,"topk_value":-1},{"classname":"涉毒","grade":1,"type":"equilateral","name":"","phone":"17853170176","pid":"15644489249043","id":"8479ff70d50a842e","x":608,"y":1152,"color":"#E25D68","size":10,"rank":5,"hidden":false,"flag":false,"topk":6,"topk_value":1.4792983624666878},{"classname":"涉毒","grade":1,"type":"equilateral","name":"","phone":"18766156812","pid":"15644489249043","id":"fba445d267efad74","x":1268,"y":967,"color":"#E25D68","size":10,"rank":5,"hidden":false,"flag":false,"topk":7,"topk_value":1.4478131237754703},{"classname":"涉毒","grade":1,"type":"equilateral","name":"","phone":"13256653368","pid":"15644489249043","id":"b7c42570cb467658","x":980,"y":465,"color":"#E25D68","size":9,"rank":5,"hidden":false,"flag":false,"topk":10,"topk_value":1.2141865592221084},{"classname":"涉毒","grade":1,"type":"equilateral","name":"","phone":"15965777666","pid":"15644489249043","id":"85a0320306ad1085","x":987,"y":801,"color":"#E25D68","size":9,"rank":5,"hidden":false,"flag":false,"topk":21,"topk_value":1.0315787787771968},{"classname":"涉毒","grade":1,"type":"equilateral","name":"","phone":"13205316788","pid":"15644489249043","id":"60df17a65f881559","x":1311,"y":1091,"color":"#E25D68","size":9,"rank":5,"hidden":false,"flag":false,"topk":25,"topk_value":0.9606120785025651},{"classname":"涉毒","grade":2,"type":"circle","name":"","phone":"18560238689","pid":"15644489249043","id":"e3e092dc0a51125c","x":1518,"y":358,"color":"#E25D68","size":4,"rank":5,"hidden":false,"flag":false,"topk":40,"topk_value":0.8547799128675682},{"classname":"涉毒","grade":2,"type":"circle","name":"","phone":"15066673329","pid":"15644489249043","id":"21a1e59ece77c13b","x":932,"y":885,"color":"#E25D68","size":6,"rank":5,"hidden":false,"flag":false,"topk":42,"topk_value":0.8545655327384588},{"classname":"涉毒","grade":2,"type":"circle","name":"","phone":"13953162886","pid":"15644489249043","id":"2eb82226a74f84fd","x":1111,"y":1371,"color":"#E25D68","size":5,"rank":5,"hidden":false,"flag":false,"topk":73,"topk_value":0.8523679934706926},{"classname":"涉毒","grade":2,"type":"circle","name":"","phone":"15853127967","pid":"15644489249043","id":"b74dbb14f7405e2b","x":986,"y":1535,"color":"#E25D68","size":5,"rank":5,"hidden":false,"flag":false,"topk":87,"topk_value":0.8516186969554126},{"classname":"涉毒","grade":1,"type":"equilateral","name":"","phone":"18553180177","pid":"15644489249043","id":"75309e683d45f8c4","x":1398,"y":1370,"color":"#E25D68","size":10,"rank":5,"hidden":false,"flag":false,"topk":12,"topk_value":1.1941946953113003},{"classname":"涉毒","grade":1,"type":"equilateral","name":"","phone":"15191575219","pid":"15644489249043","id":"f6b0471a0691e639","x":1326,"y":898,"color":"#E25D68","size":7,"rank":5,"hidden":false,"flag":false,"topk":28,"topk_value":0.8600719277056046},{"classname":"涉毒","grade":2,"type":"circle","name":"郑海鹏","phone":"13065001873","pid":"15644489249043","id":"977396656c7dae84","x":1646,"y":1322,"color":"#E25D68","size":6,"rank":5,"hidden":false,"flag":false,"topk":67,"topk_value":0.8526248892331579},{"classname":"涉毒","grade":1,"type":"equilateral","name":"","phone":"15098996446","pid":"15644489249043","id":"459eee7d1e93c2c4","x":1619,"y":1071,"color":"#E25D68","size":7,"rank":5,"hidden":false,"flag":false,"topk":90,"topk_value":0.8503098029016294},{"classname":"涉毒","grade":2,"type":"circle","name":"王爱华","phone":"18615170891","pid":"15644489249043","id":"a9bb44d5d8acf26e","x":840,"y":729,"color":"#E25D68","size":5,"rank":5,"hidden":false,"flag":false,"topk":29,"topk_value":0.8594717323733136},{"classname":"涉毒","grade":1,"type":"equilateral","name":"","phone":"18678781301","pid":"15644489249043","id":"e31822a8f5d091ff","x":1399,"y":570,"color":"#E25D68","size":10,"rank":5,"hidden":false,"flag":false,"topk":14,"topk_value":1.1639131544653296},{"classname":"涉毒","grade":2,"type":"circle","name":"郭媛","phone":"15866781123","pid":"15644489249043","id":"ffa5d0c8acbc3d93","x":816,"y":1433,"color":"#E25D68","size":5,"rank":5,"hidden":false,"flag":false,"topk":50,"topk_value":0.8536621143816104},{"classname":"涉毒","grade":1,"type":"equilateral","name":"","phone":"17853170127","pid":"15644489249043","id":"913e31841ef136ba","x":826,"y":1207,"color":"#E25D68","size":10,"rank":5,"hidden":false,"flag":false,"topk":1,"topk_value":2.2089563894223843},{"classname":"涉毒","grade":1,"type":"equilateral","name":"","phone":"18953185998","pid":"15644489249043","id":"584d994a0565a2c3","x":1477,"y":787,"color":"#E25D68","size":10,"rank":5,"hidden":false,"flag":false,"topk":19,"topk_value":1.0781565603234464},{"classname":"涉毒","grade":2,"type":"circle","name":"","phone":"18866117001","pid":"15644489249043","id":"2d77aec200cc8e26","x":655,"y":1282,"color":"#E25D68","size":7,"rank":5,"hidden":false,"flag":false,"topk":32,"topk_value":0.8571125366921974},{"classname":"涉毒","grade":2,"type":"circle","name":"","phone":"17853170207","pid":"15644489249043","id":"0b991d1880de4360","x":1308,"y":1247,"color":"#E25D68","size":4,"rank":5,"hidden":false,"flag":false,"topk":45,"topk_value":0.8543691795346351},{"classname":"涉毒","grade":1,"type":"equilateral","name":"","phone":"18769783682","pid":"15644489249043","id":"7c4a088722d55012","x":1455,"y":665,"color":"#E25D68","size":10,"rank":5,"hidden":false,"flag":false,"topk":22,"topk_value":1.0022413231356622},{"classname":"涉毒","grade":2,"type":"circle","name":"","phone":"18615661799","pid":"15644489249043","id":"05129a84a38b390b","x":332,"y":1363,"color":"#E25D68","size":4,"rank":5,"hidden":false,"flag":false,"topk":64,"topk_value":0.8527987258091204},{"classname":"涉毒","grade":1,"type":"equilateral","name":"","phone":"18663787296","pid":"15644489249043","id":"931a5454378cefc0","x":1291,"y":616,"color":"#E25D68","size":9,"rank":5,"hidden":false,"flag":false,"topk":20,"topk_value":1.051747128074482},{"classname":"涉毒","grade":1,"type":"equilateral","name":"","phone":"17686830331","pid":"15644489249043","id":"90aa8b95a19c2378","x":1040,"y":1251,"color":"#E25D68","size":10,"rank":5,"hidden":false,"flag":false,"topk":8,"topk_value":1.2919166294817295},{"classname":"涉毒","grade":2,"type":"circle","name":"蔡蒙蒙","phone":"18953165006","pid":"15644489249043","id":"e1542eebc7b4d984","x":1158,"y":853,"color":"#E25D68","size":5,"rank":5,"hidden":false,"flag":false,"topk":46,"topk_value":0.8543691795346351},{"classname":"涉毒","grade":2,"type":"circle","name":"任晓营","phone":"15965638161","pid":"15644489249043","id":"c7f2aaa4283eab74","x":1104,"y":1197,"color":"#E25D68","size":6,"rank":5,"hidden":false,"flag":false,"topk":36,"topk_value":0.8555619319131177},{"classname":"涉毒","grade":2,"type":"circle","name":"","phone":"17853170281","pid":"15644489249043","id":"6f2efc6ea143394a","x":776,"y":1324,"color":"#E25D68","size":6,"rank":5,"hidden":false,"flag":false,"topk":47,"topk_value":0.8542864501633696},{"classname":"涉毒","grade":1,"type":"equilateral","name":"","phone":"18678776535","pid":"15644489249043","id":"36d38647a08e8f4a","x":887,"y":1233,"color":"#E25D68","size":10,"rank":5,"hidden":false,"flag":false,"topk":11,"topk_value":1.2046119558360717},{"classname":"涉毒","grade":2,"type":"circle","name":"孙如月","phone":"13954103393","pid":"15644489249043","id":"3abcac64e7c91c18","x":781,"y":1561,"color":"#E25D68","size":5,"rank":5,"hidden":false,"flag":false,"topk":76,"topk_value":0.8522496495763983},{"classname":"涉毒","grade":2,"type":"circle","name":"","phone":"18553185758","pid":"15644489249043","id":"7ea2c9b0823258ca","x":1409,"y":1078,"color":"#E25D68","size":5,"rank":5,"hidden":false,"flag":false,"topk":74,"topk_value":0.8523158831620605},{"classname":"涉毒","grade":2,"type":"circle","name":"","phone":"18665926086","pid":"15644489249043","id":"7b6548eea455ba9b","x":249,"y":1016,"color":"#E25D68","size":4,"rank":5,"hidden":false,"flag":false,"topk":52,"topk_value":0.8532742025064051},{"classname":"涉毒","grade":2,"type":"circle","name":"刘晓辉","phone":"13075317009","pid":"15644489249043","id":"dad8b8987831970a","x":1231,"y":1657,"color":"#E25D68","size":5,"rank":5,"hidden":false,"flag":false,"topk":83,"topk_value":0.8519277030265099},{"classname":"涉毒","grade":2,"type":"circle","name":"","phone":"15053134054","pid":"15644489249043","id":"619540bd38959ba3","x":1673,"y":664,"color":"#E25D68","size":4,"rank":5,"hidden":false,"flag":false,"topk":39,"topk_value":0.8550001425633732},{"classname":"涉毒","grade":1,"type":"equilateral","name":"","phone":"15805318552","pid":"15644489249043","id":"b92173fa6e910f4d","x":1524,"y":1130,"color":"#E25D68","size":9,"rank":5,"hidden":false,"flag":false,"topk":35,"topk_value":0.856815663835846},{"classname":"涉毒","grade":2,"type":"circle","name":"","phone":"13626417333","pid":"15644489249043","id":"7acbb42cd3facc99","x":674,"y":1424,"color":"#E25D68","size":6,"rank":5,"hidden":false,"flag":false,"topk":55,"topk_value":0.8530515891205438},{"classname":"涉毒","grade":2,"type":"circle","name":"侯延涛","phone":"18653167163","pid":"15644489249043","id":"f40aecf7162ea5ef","x":733,"y":512,"color":"#E25D68","size":4,"rank":5,"hidden":false,"flag":false,"topk":31,"topk_value":0.8585846459337568},{"classname":"涉毒","grade":2,"type":"circle","name":"","phone":"18363023375","pid":"15644489249043","id":"3e1657043297a622","x":888,"y":1691,"color":"#E25D68","size":5,"rank":5,"hidden":false,"flag":false,"topk":86,"topk_value":0.8516460374703481},{"classname":"涉毒","grade":1,"type":"equilateral","name":"","phone":"18660121360","pid":"15644489249043","id":"c68f65e985eb0053","x":925,"y":1065,"color":"#E25D68","size":10,"rank":5,"hidden":false,"flag":false,"topk":15,"topk_value":1.152927201538029},{"classname":"涉毒","grade":2,"type":"circle","name":"","phone":"17615876169","pid":"15644489249043","id":"aca4f0a72a0832d5","x":1262,"y":757,"color":"#E25D68","size":5,"rank":5,"hidden":false,"flag":false,"topk":72,"topk_value":0.8525533313059281},{"classname":"涉毒","grade":1,"type":"equilateral","name":"","phone":"13906355891","pid":"15644489249043","id":"42640f754a3eab44","x":1250,"y":1319,"color":"#E25D68","size":5,"rank":5,"hidden":false,"flag":false,"topk":89,"topk_value":0.8503098029016294},{"classname":"涉毒","grade":2,"type":"circle","name":"","phone":"18866118266","pid":"15644489249043","id":"40cf28b347e8f846","x":831,"y":976,"color":"#E25D68","size":6,"rank":5,"hidden":false,"flag":false,"topk":37,"topk_value":0.8553355125716658},{"classname":"涉毒","grade":2,"type":"circle","name":"孙瑞琪","phone":"13256181068","pid":"15644489249043","id":"07d725e2dac2be20","x":873,"y":189,"color":"#E25D68","size":6,"rank":5,"hidden":false,"flag":false,"topk":57,"topk_value":0.8530313191493929},{"classname":"涉毒","grade":1,"type":"equilateral","name":"","phone":"18653766785","pid":"15644489249043","id":"2424e5d94febd717","x":1131,"y":782,"color":"#E25D68","size":6,"rank":5,"hidden":false,"flag":false,"topk":33,"topk_value":0.8570454009367023},{"classname":"涉毒","grade":2,"type":"circle","name":"董岩","phone":"18653136290","pid":"15644489249043","id":"1aefb9bc05835b48","x":586,"y":1035,"color":"#E25D68","size":6,"rank":5,"hidden":false,"flag":false,"topk":59,"topk_value":0.8529169738715117},{"classname":"涉毒","grade":1,"type":"equilateral","name":"","phone":"15098949158","pid":"15644489249043","id":"25cc72e819363e2f","x":1168,"y":1101,"color":"#E25D68","size":10,"rank":5,"hidden":false,"flag":false,"topk":16,"topk_value":1.14008350217147},{"classname":"涉毒","grade":1,"type":"equilateral","name":"","phone":"15505312012","pid":"15644489249043","id":"a9d73457200d49af","x":1449,"y":1253,"color":"#E25D68","size":10,"rank":5,"hidden":false,"flag":false,"topk":24,"topk_value":0.9896152399681204},{"classname":"涉毒","grade":2,"type":"circle","name":"","phone":"18853108821","pid":"15644489249043","id":"6a9c446b304bd0d0","x":337,"y":708,"color":"#E25D68","size":5,"rank":5,"hidden":false,"flag":false,"topk":51,"topk_value":0.8534639523048299},{"classname":"涉毒","grade":2,"type":"circle","name":"周静","phone":"18865635588","pid":"15644489249043","id":"9bef591d470e1e1c","x":477,"y":1365,"color":"#E25D68","size":5,"rank":5,"hidden":false,"flag":false,"topk":82,"topk_value":0.8520298874319548},{"classname":"涉毒","grade":2,"type":"circle","name":"","phone":"17853170111","pid":"15644489249043","id":"93eb6d1180a0c9ad","x":686,"y":658,"color":"#E25D68","size":4,"rank":5,"hidden":false,"flag":false,"topk":60,"topk_value":0.8529148760721077},{"classname":"涉毒","grade":2,"type":"circle","name":"原三原","phone":"15505310077","pid":"15644489249043","id":"e720f17a9500c893","x":213,"y":1154,"color":"#E25D68","size":6,"rank":5,"hidden":false,"flag":false,"topk":68,"topk_value":0.852578963664677},{"classname":"涉毒","grade":2,"type":"circle","name":"","phone":"18615667377","pid":"15644489249043","id":"1f24ee766b04e191","x":495,"y":764,"color":"#E25D68","size":5,"rank":5,"hidden":false,"flag":false,"topk":79,"topk_value":0.8522196372303797},{"classname":"涉毒","grade":2,"type":"circle","name":"","phone":"18658841317","pid":"15644489249043","id":"a848b0faa9513459","x":1325,"y":1461,"color":"#E25D68","size":5,"rank":5,"hidden":false,"flag":false,"topk":41,"topk_value":0.8546066276785027},{"classname":"涉毒","grade":2,"type":"circle","name":"孙奉超","phone":"18953170678","pid":"15644489249043","id":"ea0548320b629051","x":504,"y":1111,"color":"#E25D68","size":4,"rank":5,"hidden":false,"flag":false,"topk":88,"topk_value":0.8513989348109692},{"classname":"涉毒","grade":1,"type":"equilateral","name":"","phone":"17853170109","pid":"15644489249043","id":"7eeb7df2689d207e","x":744,"y":1095,"color":"#E25D68","size":10,"rank":5,"hidden":false,"flag":false,"topk":3,"topk_value":2.1093220190425863},{"classname":"涉毒","grade":1,"type":"equilateral","name":"","phone":"18853152226","pid":"15644489249043","id":"4b50db525ea85b04","x":740,"y":942,"color":"#E25D68","size":10,"rank":5,"hidden":false,"flag":false,"topk":5,"topk_value":1.5639045207144897},{"classname":"涉毒","grade":2,"type":"circle","name":"","phone":"18615652075","pid":"15644489249043","id":"e604ae571e9f10f4","x":1041,"y":266,"color":"#E25D68","size":5,"rank":5,"hidden":false,"flag":false,"topk":49,"topk_value":0.853934535121317},{"classname":"涉毒","grade":1,"type":"equilateral","name":"","phone":"13256719158","pid":"15644489249043","id":"7be7ca8a0f384613","x":1531,"y":988,"color":"#E25D68","size":6,"rank":5,"hidden":false,"flag":false,"topk":26,"topk_value":0.9140258184971378},{"classname":"涉毒","grade":2,"type":"circle","name":"","phone":"18553182895","pid":"15644489249043","id":"43f3c22f7f50f0d2","x":902,"y":1341,"color":"#E25D68","size":5,"rank":5,"hidden":false,"flag":false,"topk":34,"topk_value":0.8569481431993122},{"classname":"涉毒","grade":1,"type":"equilateral","name":"","phone":"18553182896","pid":"15644489249043","id":"adcb5b67af8abe73","x":958,"y":1147,"color":"#E25D68","size":10,"rank":5,"hidden":false,"flag":false,"topk":4,"topk_value":1.6072868024493854},{"classname":"涉毒","grade":1,"type":"equilateral","name":"","phone":"15863777177","pid":"15644489249043","id":"20870015a072b101","x":940,"y":561,"color":"#E25D68","size":10,"rank":5,"hidden":false,"flag":false,"topk":18,"topk_value":1.1326405713699186},{"classname":"涉毒","grade":1,"type":"equilateral","name":"","phone":"15865255277","pid":"15644489249043","id":"9b182b9d889288b2","x":1085,"y":464,"color":"#E25D68","size":10,"rank":5,"hidden":false,"flag":false,"topk":17,"topk_value":1.1384057158633407},{"classname":"涉毒","grade":2,"type":"circle","name":"","phone":"17853170222","pid":"15644489249043","id":"9d4a501817dd2824","x":330,"y":843,"color":"#E25D68","size":5,"rank":5,"hidden":false,"flag":false,"topk":61,"topk_value":0.8529148760721077},{"classname":"涉毒","grade":2,"type":"circle","name":"王硕","phone":"15953175276","pid":"15644489249043","id":"fc9d9adca015aeaa","x":681,"y":805,"color":"#E25D68","size":5,"rank":5,"hidden":false,"flag":false,"topk":78,"topk_value":0.8522496495763983},{"classname":"涉毒","grade":1,"type":"equilateral","name":"","phone":"15505314003","pid":"15644489249043","id":"c3ff54c56ed18104","x":713,"y":1158,"color":"#E25D68","size":10,"rank":5,"hidden":false,"flag":false,"topk":2,"topk_value":2.2020557124857065},{"classname":"涉毒","grade":2,"type":"circle","name":"","phone":"17853170186","pid":"15644489249043","id":"c82d9c1d0cdc2518","x":591,"y":1497,"color":"#E25D68","size":4,"rank":5,"hidden":false,"flag":false,"topk":75,"topk_value":0.8522496495763983},{"classname":"涉毒","grade":2,"type":"circle","name":"韩涛","phone":"15505318768","pid":"15644489249043","id":"db54f55330e8ff38","x":493,"y":1590,"color":"#E25D68","size":5,"rank":5,"hidden":false,"flag":false,"topk":71,"topk_value":0.852578963664677},{"classname":"涉毒","grade":2,"type":"circle","name":"王斌","phone":"13605311926","pid":"15644489249043","id":"a8450e116f99d97a","x":692,"y":1629,"color":"#E25D68","size":6,"rank":5,"hidden":false,"flag":false,"topk":80,"topk_value":0.852164502680987},{"classname":"涉毒","grade":2,"type":"circle","name":"","phone":"15505318725","pid":"15644489249043","id":"7312e7de8d89724e","x":393,"y":1216,"color":"#E25D68","size":4,"rank":5,"hidden":false,"flag":false,"topk":77,"topk_value":0.8522496495763983},{"classname":"涉毒","grade":2,"type":"circle","name":"孙波","phone":"13165123022","pid":"15644489249043","id":"2273d046d52239f0","x":1828,"y":968,"color":"#E25D68","size":5,"rank":5,"hidden":false,"flag":false,"topk":54,"topk_value":0.8532166139149234},{"classname":"涉毒","grade":2,"type":"circle","name":"","phone":"18510905555","pid":"15644489249043","id":"ac462741d5981a2f","x":1146,"y":1542,"color":"#E25D68","size":4,"rank":5,"hidden":false,"flag":false,"topk":84,"topk_value":0.8517079408820666},{"classname":"涉毒","grade":2,"type":"circle","name":"胡杰","phone":"18866131393","pid":"15644489249043","id":"b7a38924d4b32f69","x":1727,"y":443,"color":"#E25D68","size":5,"rank":5,"hidden":false,"flag":false,"topk":44,"topk_value":0.8544604622211042},{"classname":"涉毒","grade":2,"type":"circle","name":"欣然","phone":"15505311771","pid":"15644489249043","id":"63797ff1c2ed04ae","x":553,"y":1251,"color":"#E25D68","size":5,"rank":5,"hidden":false,"flag":false,"topk":63,"topk_value":0.8528601748374649},{"classname":"涉毒","grade":2,"type":"circle","name":"朱迎新","phone":"13188932042","pid":"15644489249043","id":"fb3228f5209cf914","x":1041,"y":1669,"color":"#E25D68","size":5,"rank":5,"hidden":false,"flag":false,"topk":85,"topk_value":0.8516460374703481},{"classname":"涉毒","grade":2,"type":"circle","name":"任志强","phone":"15168891172","pid":"15644489249043","id":"3c2a1866e1bfb5c1","x":989,"y":1411,"color":"#E25D68","size":6,"rank":5,"hidden":false,"flag":false,"topk":56,"topk_value":0.8530449722813173},{"classname":"涉毒","grade":2,"type":"circle","name":"","phone":"15705317788","pid":"15644489249043","id":"168581670e87cda6","x":796,"y":861,"color":"#E25D68","size":6,"rank":5,"hidden":false,"flag":false,"topk":38,"topk_value":0.8550798120678447},{"classname":"涉毒","grade":2,"type":"circle","name":"宁继勇","phone":"13361026611","pid":"15644489249043","id":"7f73a46f78b6b54c","x":607,"y":936,"color":"#E25D68","size":6,"rank":5,"hidden":false,"flag":false,"topk":43,"topk_value":0.8544692868067779},{"classname":"涉毒","grade":2,"type":"circle","name":"","phone":"15562652556","pid":"15644489249043","id":"31a96243f9df4ec8","x":1374,"y":446,"color":"#E25D68","size":5,"rank":5,"hidden":false,"flag":false,"topk":66,"topk_value":0.8526288649501406},{"classname":"涉毒","grade":0,"type":"star","name":"","phone":"18678811386","pid":"15644489249043","id":"d96a88382fca7202","x":1142,"y":945,"color":"#E25D68","size":10,"rank":5,"hidden":false,"flag":false,"topk":0,"topk_value":2.6681490084125734},{"classname":"涉毒","grade":1,"type":"equilateral","name":"","phone":"13698616767","pid":"15644489249043","id":"f2d7b6e3409554f4","x":1062,"y":648,"color":"#E25D68","size":10,"rank":5,"hidden":false,"flag":false,"topk":23,"topk_value":0.9939211424375735},{"classname":"涉毒","grade":2,"type":"circle","name":"胡茂杜","phone":"18615170883","pid":"15644489249043","id":"419ba1c021010f3d","x":366,"y":1498,"color":"#E25D68","size":5,"rank":5,"hidden":false,"flag":false,"topk":70,"topk_value":0.852578963664677},{"classname":"涉毒","grade":1,"type":"equilateral","name":"","phone":"18678851684","pid":"15644489249043","id":"052c42f0ea4c300e","x":1494,"y":907,"color":"#E25D68","size":10,"rank":5,"hidden":false,"flag":false,"topk":13,"topk_value":1.1725135072973023},{"classname":"涉毒","grade":1,"type":"equilateral","name":"","phone":"18553182982","pid":"15644489249043","id":"2d94b9d7cc9d41a5","x":1066,"y":1071,"color":"#E25D68","size":10,"rank":5,"hidden":false,"flag":false,"topk":9,"topk_value":1.235271147545857},{"classname":"涉毒","grade":2,"type":"circle","name":"毕研","phone":"13455167968","pid":"15644489249043","id":"37519338c606782d","x":539,"y":621,"color":"#E25D68","size":5,"rank":5,"hidden":false,"flag":false,"topk":62,"topk_value":0.8529148760721077},{"classname":"涉毒","grade":1,"type":"equilateral","name":"","phone":"18800119083","pid":"15644489249043","id":"96a9a87126fcab2e","x":984,"y":990,"color":"#E25D68","size":8,"rank":5,"hidden":false,"flag":false,"topk":27,"topk_value":0.8644024582169448},{"classname":"涉毒","grade":2,"type":"circle","name":"","phone":"18615652063","pid":"15644489249043","id":"d77d2cd7ce2ab1f5","x":697,"y":305,"color":"#E25D68","size":4,"rank":5,"hidden":false,"flag":false,"topk":65,"topk_value":0.852670533753159}],"edges":[{"source":"c3ff54c56ed18104","target":"8479ff70d50a842e","id":"2603e7edbe2d8c58","size":43,"hidden":false},{"source":"c68f65e985eb0053","target":"168581670e87cda6","id":"191f94063498f52b","size":1,"hidden":false},{"source":"c3ff54c56ed18104","target":"da58058554096360","id":"546b5379a57d466f","size":1,"hidden":false},{"source":"7eeb7df2689d207e","target":"37519338c606782d","id":"1a87b416f4c7a172","size":1,"hidden":false},{"source":"85a0320306ad1085","target":"c3ff54c56ed18104","id":"52df1af195a824e4","size":11,"hidden":false},{"source":"adcb5b67af8abe73","target":"b74dbb14f7405e2b","id":"7e3612fb578b7d05","size":1,"hidden":false},{"source":"931a5454378cefc0","target":"e3e092dc0a51125c","id":"c2fb362e34823d71","size":1,"hidden":false},{"source":"4b50db525ea85b04","target":"37519338c606782d","id":"d7e710590893f124","size":1,"hidden":false},{"source":"96a9a87126fcab2e","target":"fba445d267efad74","id":"c43079a72691c43d","size":1,"hidden":false},{"source":"8479ff70d50a842e","target":"7eeb7df2689d207e","id":"974a606533c70716","size":16,"hidden":false},{"source":"913e31841ef136ba","target":"8479ff70d50a842e","id":"aa913ab6acaa8010","size":17,"hidden":false},{"source":"d96a88382fca7202","target":"36d38647a08e8f4a","id":"db5926ab49ff8bd5","size":24,"hidden":false},{"source":"052c42f0ea4c300e","target":"d96a88382fca7202","id":"31a02f27101b0c03","size":8,"hidden":false},{"source":"90aa8b95a19c2378","target":"7eeb7df2689d207e","id":"b69857c1ec1079c3","size":1,"hidden":false},{"source":"b7c42570cb467658","target":"9b182b9d889288b2","id":"5bbbb6f876478494","size":45,"hidden":false},{"source":"36d38647a08e8f4a","target":"913e31841ef136ba","id":"f5faae73878985de","size":33,"hidden":false},{"source":"4b50db525ea85b04","target":"913e31841ef136ba","id":"cd238cf62ad5fdf5","size":44,"hidden":false},{"source":"2d94b9d7cc9d41a5","target":"fba445d267efad74","id":"e5875274114593eb","size":10,"hidden":false},{"source":"913e31841ef136ba","target":"4b50db525ea85b04","id":"df4d1d63b1fb6aef","size":44,"hidden":false},{"source":"d96a88382fca7202","target":"7eeb7df2689d207e","id":"e13519fa0fd99832","size":37,"hidden":false},{"source":"913e31841ef136ba","target":"96a9a87126fcab2e","id":"ced2783bbd88f601","size":1,"hidden":false},{"source":"8479ff70d50a842e","target":"6a9c446b304bd0d0","id":"af86f1f5642107b2","size":1,"hidden":false},{"source":"c3ff54c56ed18104","target":"6f2efc6ea143394a","id":"cbfc1e2b47958e54","size":1,"hidden":false},{"source":"2424e5d94febd717","target":"d96a88382fca7202","id":"7d3f87b25f1ab522","size":1,"hidden":false},{"source":"c68f65e985eb0053","target":"6f2efc6ea143394a","id":"48d2b266738afcf0","size":1,"hidden":false},{"source":"d96a88382fca7202","target":"b7c42570cb467658","id":"98794ddfc40ff7c3","size":28,"hidden":false},{"source":"2d94b9d7cc9d41a5","target":"d96a88382fca7202","id":"a28a53767feb55c1","size":13,"hidden":false},{"source":"2d94b9d7cc9d41a5","target":"2d94b9d7cc9d41a5","id":"cfaea834c9c765b7","size":121,"hidden":false},{"source":"d96a88382fca7202","target":"85a0320306ad1085","id":"2f9df94a7ca0f299","size":21,"hidden":false},{"source":"7c4a088722d55012","target":"b7a38924d4b32f69","id":"41f3aa493999ee1e","size":1,"hidden":false},{"source":"913e31841ef136ba","target":"63797ff1c2ed04ae","id":"eeda3bc5a2821a02","size":1,"hidden":false},{"source":"36d38647a08e8f4a","target":"36d38647a08e8f4a","id":"3c87ae2af3266571","size":148,"hidden":false},{"source":"913e31841ef136ba","target":"c3ff54c56ed18104","id":"0ad8cd680d7c94ff","size":44,"hidden":false},{"source":"d96a88382fca7202","target":"459eee7d1e93c2c4","id":"f7b2e7ec2ea411af","size":7,"hidden":false},{"source":"913e31841ef136ba","target":"c82d9c1d0cdc2518","id":"7f4bca4df3a30fb2","size":1,"hidden":false},{"source":"913e31841ef136ba","target":"7312e7de8d89724e","id":"7b1a4b4ec92c5213","size":1,"hidden":false},{"source":"96a9a87126fcab2e","target":"d96a88382fca7202","id":"d03c4f463a462a36","size":1,"hidden":false},{"source":"adcb5b67af8abe73","target":"3c2a1866e1bfb5c1","id":"ba955b400aefc437","size":1,"hidden":false},{"source":"4b50db525ea85b04","target":"1f24ee766b04e191","id":"0929c810e061ec5d","size":1,"hidden":false},{"source":"7eeb7df2689d207e","target":"7f73a46f78b6b54c","id":"6bbc766bf5c167eb","size":1,"hidden":false},{"source":"7eeb7df2689d207e","target":"7b6548eea455ba9b","id":"f13cd30e5c625d1f","size":1,"hidden":false},{"source":"fba445d267efad74","target":"96a9a87126fcab2e","id":"0cb4fe094e35bad3","size":1,"hidden":false},{"source":"20870015a072b101","target":"b7c42570cb467658","id":"1b977dc420478664","size":1,"hidden":false},{"source":"f6b0471a0691e639","target":"584d994a0565a2c3","id":"e0af55099b788126","size":1,"hidden":false},{"source":"052c42f0ea4c300e","target":"f6b0471a0691e639","id":"aeddec742eb05530","size":1,"hidden":false},{"source":"25cc72e819363e2f","target":"e1542eebc7b4d984","id":"54aa097c4185c82f","size":1,"hidden":false},{"source":"7eeb7df2689d207e","target":"93eb6d1180a0c9ad","id":"79488dabeb589248","size":1,"hidden":false},{"source":"913e31841ef136ba","target":"90aa8b95a19c2378","id":"7d738cf96c26ed38","size":8,"hidden":false},{"source":"2d94b9d7cc9d41a5","target":"2eb82226a74f84fd","id":"7d2048cbe3d8cba7","size":1,"hidden":false},{"source":"d96a88382fca7202","target":"fba445d267efad74","id":"53bec99a1cad3de8","size":104,"hidden":false},{"source":"4b50db525ea85b04","target":"96a9a87126fcab2e","id":"bfbb6b8167fc1294","size":1,"hidden":false},{"source":"4b50db525ea85b04","target":"adcb5b67af8abe73","id":"e13d25e8f4cf5534","size":7,"hidden":false},{"source":"8479ff70d50a842e","target":"36d38647a08e8f4a","id":"151c784558a90ad5","size":1,"hidden":false},{"source":"584d994a0565a2c3","target":"d96a88382fca7202","id":"2c071f9355c1fc7f","size":13,"hidden":false},{"source":"90aa8b95a19c2378","target":"913e31841ef136ba","id":"5243a25260de9b10","size":8,"hidden":false},{"source":"8479ff70d50a842e","target":"d96a88382fca7202","id":"797e416a86df3487","size":7,"hidden":false},{"source":"913e31841ef136ba","target":"2d77aec200cc8e26","id":"48616b6eb32cf1d2","size":1,"hidden":false},{"source":"c3ff54c56ed18104","target":"168581670e87cda6","id":"c269bfccceb6914d","size":1,"hidden":false},{"source":"25cc72e819363e2f","target":"96a9a87126fcab2e","id":"0403435439273921","size":1,"hidden":false},{"source":"2d94b9d7cc9d41a5","target":"7eeb7df2689d207e","id":"a23b9712dde30eba","size":1,"hidden":false},{"source":"90aa8b95a19c2378","target":"adcb5b67af8abe73","id":"fc83aa15fe9456fa","size":8,"hidden":false},{"source":"d96a88382fca7202","target":"9b182b9d889288b2","id":"508bf460d1cc4348","size":159,"hidden":false},{"source":"75309e683d45f8c4","target":"dad8b8987831970a","id":"e14ba3606b1389f2","size":1,"hidden":false},{"source":"c3ff54c56ed18104","target":"c3ff54c56ed18104","id":"f9f29416b1e5574a","size":299,"hidden":false},{"source":"d96a88382fca7202","target":"2d94b9d7cc9d41a5","id":"0c293b9be1aed53d","size":25,"hidden":false},{"source":"c3ff54c56ed18104","target":"2d77aec200cc8e26","id":"3e7afad4270b94c0","size":1,"hidden":false},{"source":"2d94b9d7cc9d41a5","target":"f6b0471a0691e639","id":"20c38cba8c625d88","size":1,"hidden":false},{"source":"7eeb7df2689d207e","target":"adcb5b67af8abe73","id":"fb6b6467206d5909","size":7,"hidden":false},{"source":"7eeb7df2689d207e","target":"913e31841ef136ba","id":"e3f411d8973fb0a1","size":94,"hidden":false},{"source":"20870015a072b101","target":"d96a88382fca7202","id":"a3a02eda7b7047a7","size":1,"hidden":false},{"source":"20870015a072b101","target":"9b182b9d889288b2","id":"6f524959274c59a8","size":19,"hidden":false},{"source":"fba445d267efad74","target":"052c42f0ea4c300e","id":"f7b8d0cfb4ead4dc","size":8,"hidden":false},{"source":"36d38647a08e8f4a","target":"ffa5d0c8acbc3d93","id":"0f8c13356c985893","size":1,"hidden":false},{"source":"4b50db525ea85b04","target":"7f73a46f78b6b54c","id":"6a5038b0da235ffe","size":1,"hidden":false},{"source":"90aa8b95a19c2378","target":"3c2a1866e1bfb5c1","id":"c57eeca83feda780","size":1,"hidden":false},{"source":"052c42f0ea4c300e","target":"fba445d267efad74","id":"90d51e284c741951","size":8,"hidden":false},{"source":"d96a88382fca7202","target":"7be7ca8a0f384613","id":"f1c66c701722d21f","size":18,"hidden":false},{"source":"c3ff54c56ed18104","target":"4b50db525ea85b04","id":"75641414aa194077","size":24,"hidden":false},{"source":"913e31841ef136ba","target":"05129a84a38b390b","id":"a2dda8aae7566447","size":1,"hidden":false},{"source":"25cc72e819363e2f","target":"43f3c22f7f50f0d2","id":"8f05c9aa749ce39f","size":1,"hidden":false},{"source":"c3ff54c56ed18104","target":"419ba1c021010f3d","id":"5ad45b4064c901ec","size":1,"hidden":false},{"source":"c3ff54c56ed18104","target":"af48127c36c2d661","id":"65acf8879d3e1e78","size":1,"hidden":false},{"source":"7eeb7df2689d207e","target":"8479ff70d50a842e","id":"5a2b6530865d650e","size":16,"hidden":false},{"source":"36d38647a08e8f4a","target":"40cf28b347e8f846","id":"2858513f767f4566","size":1,"hidden":false},{"source":"7eeb7df2689d207e","target":"da58058554096360","id":"6684f90a3e0e8dba","size":1,"hidden":false},{"source":"25cc72e819363e2f","target":"90aa8b95a19c2378","id":"1d6da9e84296ae0a","size":8,"hidden":false},{"source":"7eeb7df2689d207e","target":"2d94b9d7cc9d41a5","id":"a097e6cce304f59b","size":1,"hidden":false},{"source":"fba445d267efad74","target":"21a1e59ece77c13b","id":"063c461ee8b4917a","size":1,"hidden":false},{"source":"d96a88382fca7202","target":"42640f754a3eab44","id":"5e7f58222420f1ae","size":10,"hidden":false},{"source":"fba445d267efad74","target":"619540bd38959ba3","id":"136ea6267e9667f3","size":1,"hidden":false},{"source":"b92173fa6e910f4d","target":"d96a88382fca7202","id":"a2f20412644adb6d","size":14,"hidden":false},{"source":"fba445d267efad74","target":"7571626881324235","id":"e04b09c4b4ca9622","size":1,"hidden":false},{"source":"adcb5b67af8abe73","target":"21a1e59ece77c13b","id":"4e994ff3c6012487","size":1,"hidden":false},{"source":"c3ff54c56ed18104","target":"85a0320306ad1085","id":"f8dc32dd319bc846","size":11,"hidden":false},{"source":"20870015a072b101","target":"e604ae571e9f10f4","id":"9788c7845e3bbb4f","size":1,"hidden":false},{"source":"36d38647a08e8f4a","target":"d96a88382fca7202","id":"7c981b75c505c8c0","size":12,"hidden":false},{"source":"d96a88382fca7202","target":"c3ff54c56ed18104","id":"5498aaa0003555ff","size":41,"hidden":false},{"source":"a9d73457200d49af","target":"a9d73457200d49af","id":"4c4451cf49f9a632","size":88,"hidden":false},{"source":"7eeb7df2689d207e","target":"a8450e116f99d97a","id":"54cef720c15844f5","size":1,"hidden":false},{"source":"d96a88382fca7202","target":"d96a88382fca7202","id":"9e099a5c839f8b21","size":676,"hidden":false},{"source":"2d94b9d7cc9d41a5","target":"913e31841ef136ba","id":"fbf72c1c03008c65","size":1,"hidden":false},{"source":"d96a88382fca7202","target":"b92173fa6e910f4d","id":"261f761a0d009a71","size":22,"hidden":false},{"source":"4b50db525ea85b04","target":"2d77aec200cc8e26","id":"8a9e34f5bf5c0508","size":1,"hidden":false},{"source":"7eeb7df2689d207e","target":"c82d9c1d0cdc2518","id":"54be5924563cb26f","size":1,"hidden":false},{"source":"7eeb7df2689d207e","target":"7312e7de8d89724e","id":"229c353b5cc9db51","size":1,"hidden":false},{"source":"7eeb7df2689d207e","target":"4b50db525ea85b04","id":"41bd2e430c74f5a9","size":26,"hidden":false},{"source":"7eeb7df2689d207e","target":"ffa5d0c8acbc3d93","id":"a407055be1f5134c","size":1,"hidden":false},{"source":"8479ff70d50a842e","target":"4b50db525ea85b04","id":"94234cf4dbee72e8","size":8,"hidden":false},{"source":"b7c42570cb467658","target":"20870015a072b101","id":"6b0eaaecc97f4745","size":1,"hidden":false},{"source":"931a5454378cefc0","target":"931a5454378cefc0","id":"3dae94968d6a8916","size":54,"hidden":false},{"source":"c3ff54c56ed18104","target":"ac462741d5981a2f","id":"daee559cd20235df","size":1,"hidden":false},{"source":"913e31841ef136ba","target":"7f73a46f78b6b54c","id":"692768af76337168","size":1,"hidden":false},{"source":"c3ff54c56ed18104","target":"1f24ee766b04e191","id":"80bd53d76d589cec","size":1,"hidden":false},{"source":"adcb5b67af8abe73","target":"c3ff54c56ed18104","id":"d0ddbd5ada89ecc9","size":13,"hidden":false},{"source":"7c4a088722d55012","target":"d96a88382fca7202","id":"3feb58f56baf5d04","size":9,"hidden":false},{"source":"d96a88382fca7202","target":"161d5c771886163e","id":"0e4137fd6fa9923a","size":9,"hidden":false},{"source":"c3ff54c56ed18104","target":"9bef591d470e1e1c","id":"3a0a617cf86f1f6b","size":1,"hidden":false},{"source":"fba445d267efad74","target":"25cc72e819363e2f","id":"f81592e1c06c28a2","size":25,"hidden":false},{"source":"584d994a0565a2c3","target":"f6b0471a0691e639","id":"1f9a02a42ae14f40","size":1,"hidden":false},{"source":"7eeb7df2689d207e","target":"96a9a87126fcab2e","id":"196beb39df6034cd","size":1,"hidden":false},{"source":"9b182b9d889288b2","target":"20870015a072b101","id":"7bd4a6770c927f7a","size":19,"hidden":false},{"source":"7eeb7df2689d207e","target":"63797ff1c2ed04ae","id":"5975826abac1ac60","size":1,"hidden":false},{"source":"e31822a8f5d091ff","target":"e31822a8f5d091ff","id":"959c4536c7737b1f","size":120,"hidden":false},{"source":"913e31841ef136ba","target":"a9bb44d5d8acf26e","id":"58b769b8395d7291","size":1,"hidden":false},{"source":"7eeb7df2689d207e","target":"c3ff54c56ed18104","id":"bb10e7ae3e946f51","size":21,"hidden":false},{"source":"d96a88382fca7202","target":"4b50db525ea85b04","id":"36db3f21266d9bc0","size":19,"hidden":false},{"source":"7eeb7df2689d207e","target":"d96a88382fca7202","id":"00eb8e0f40ef7169","size":16,"hidden":false},{"source":"adcb5b67af8abe73","target":"d96a88382fca7202","id":"13de5074b2632ed3","size":9,"hidden":false},{"source":"c3ff54c56ed18104","target":"43f3c22f7f50f0d2","id":"f038d073d0cfb2f2","size":1,"hidden":false},{"source":"c3ff54c56ed18104","target":"adcb5b67af8abe73","id":"7b80d1d754108a2b","size":13,"hidden":false},{"source":"b7c42570cb467658","target":"b7c42570cb467658","id":"0bb4f827c017111c","size":38,"hidden":false},{"source":"c3ff54c56ed18104","target":"1aefb9bc05835b48","id":"1fe3dfd972b3e292","size":1,"hidden":false},{"source":"adcb5b67af8abe73","target":"43f3c22f7f50f0d2","id":"b9f16d266da0b53d","size":1,"hidden":false},{"source":"adcb5b67af8abe73","target":"4b50db525ea85b04","id":"c9cda834c05d371a","size":7,"hidden":false},{"source":"adcb5b67af8abe73","target":"adcb5b67af8abe73","id":"1d1e8b6edc374247","size":197,"hidden":false},{"source":"36d38647a08e8f4a","target":"8479ff70d50a842e","id":"3997f31febab25b5","size":1,"hidden":false},{"source":"913e31841ef136ba","target":"1aefb9bc05835b48","id":"748061573b2c928b","size":1,"hidden":false},{"source":"4b50db525ea85b04","target":"168581670e87cda6","id":"b914a036ce311dc4","size":1,"hidden":false},{"source":"8479ff70d50a842e","target":"419ba1c021010f3d","id":"08740150d9ede10b","size":1,"hidden":false},{"source":"8479ff70d50a842e","target":"db54f55330e8ff38","id":"aa2ca0469969f3c4","size":1,"hidden":false},{"source":"85a0320306ad1085","target":"a9bb44d5d8acf26e","id":"132ed133a3482d4f","size":1,"hidden":false},{"source":"96a9a87126fcab2e","target":"4b50db525ea85b04","id":"11bcc04737fa72d3","size":1,"hidden":false},{"source":"584d994a0565a2c3","target":"052c42f0ea4c300e","id":"912bb63865e0b142","size":15,"hidden":false},{"source":"4b50db525ea85b04","target":"93eb6d1180a0c9ad","id":"07bb9e3bf2d9bc3e","size":1,"hidden":false},{"source":"96a9a87126fcab2e","target":"adcb5b67af8abe73","id":"f519cd2c849d43c8","size":1,"hidden":false},{"source":"e31822a8f5d091ff","target":"7c4a088722d55012","id":"3743f1cf52f21c95","size":15,"hidden":false},{"source":"913e31841ef136ba","target":"168581670e87cda6","id":"417c5c05a98a8499","size":1,"hidden":false},{"source":"75309e683d45f8c4","target":"d96a88382fca7202","id":"ef880ebe4126c4af","size":18,"hidden":false},{"source":"7c4a088722d55012","target":"e31822a8f5d091ff","id":"d318fbb8608858f5","size":15,"hidden":false},{"source":"7eeb7df2689d207e","target":"36d38647a08e8f4a","id":"baa2ea34192531a8","size":27,"hidden":false},{"source":"c3ff54c56ed18104","target":"db54f55330e8ff38","id":"dc5a424a6538046d","size":1,"hidden":false},{"source":"d96a88382fca7202","target":"f2d7b6e3409554f4","id":"f9528b7752b981cd","size":8,"hidden":false},{"source":"7eeb7df2689d207e","target":"c7f2aaa4283eab74","id":"c80a90e90a86e592","size":1,"hidden":false},{"source":"7eeb7df2689d207e","target":"6f2efc6ea143394a","id":"1e27ff6176899870","size":1,"hidden":false},{"source":"052c42f0ea4c300e","target":"052c42f0ea4c300e","id":"bba052bdff763518","size":146,"hidden":false},{"source":"4b50db525ea85b04","target":"9d4a501817dd2824","id":"af778261e32cd3c5","size":1,"hidden":false},{"source":"fba445d267efad74","target":"2d94b9d7cc9d41a5","id":"8b352f01759a9b75","size":10,"hidden":false},{"source":"8479ff70d50a842e","target":"43f3c22f7f50f0d2","id":"b2acf35e345a995c","size":1,"hidden":false},{"source":"2d94b9d7cc9d41a5","target":"25cc72e819363e2f","id":"b8823b019f7e6e3e","size":1,"hidden":false},{"source":"c3ff54c56ed18104","target":"7f73a46f78b6b54c","id":"2e12acbae4fc621c","size":1,"hidden":false},{"source":"7eeb7df2689d207e","target":"21a1e59ece77c13b","id":"842b8a3941b405de","size":1,"hidden":false},{"source":"584d994a0565a2c3","target":"4d1aa2b66669d313","id":"a36ab9e694ff87df","size":1,"hidden":false},{"source":"4b50db525ea85b04","target":"7eeb7df2689d207e","id":"930189a7962982e5","size":26,"hidden":false},{"source":"d96a88382fca7202","target":"20870015a072b101","id":"ef58b915630bd94a","size":7,"hidden":false},{"source":"f6b0471a0691e639","target":"2d94b9d7cc9d41a5","id":"1e23450fb38eafa0","size":1,"hidden":false},{"source":"d96a88382fca7202","target":"584d994a0565a2c3","id":"989a7c2bd1510765","size":52,"hidden":false},{"source":"fba445d267efad74","target":"31a96243f9df4ec8","id":"6c13614858b3009d","size":1,"hidden":false},{"source":"052c42f0ea4c300e","target":"4d1aa2b66669d313","id":"f2b7f2d14eff0528","size":1,"hidden":false},{"source":"7eeb7df2689d207e","target":"40cf28b347e8f846","id":"8878474e61c83a4a","size":1,"hidden":false},{"source":"c68f65e985eb0053","target":"c68f65e985eb0053","id":"1dcd161ebf06ddfa","size":263,"hidden":false},{"source":"8479ff70d50a842e","target":"af48127c36c2d661","id":"891f8fbd1e42c844","size":1,"hidden":false},{"source":"adcb5b67af8abe73","target":"e1542eebc7b4d984","id":"6812234eb1ab17d5","size":1,"hidden":false},{"source":"f6b0471a0691e639","target":"d96a88382fca7202","id":"14e3d36b44c398a8","size":1,"hidden":false},{"source":"20870015a072b101","target":"d77d2cd7ce2ab1f5","id":"fea45efd85c0a119","size":1,"hidden":false},{"source":"d96a88382fca7202","target":"adcb5b67af8abe73","id":"546975b6b07269bf","size":16,"hidden":false},{"source":"4b50db525ea85b04","target":"6a9c446b304bd0d0","id":"6eab4609930aff36","size":1,"hidden":false},{"source":"2d94b9d7cc9d41a5","target":"c7f2aaa4283eab74","id":"998506a643619b69","size":1,"hidden":false},{"source":"584d994a0565a2c3","target":"2273d046d52239f0","id":"ef2ab058acfbd8cb","size":1,"hidden":false},{"source":"25cc72e819363e2f","target":"0b991d1880de4360","id":"38e51795206b4512","size":1,"hidden":false},{"source":"fba445d267efad74","target":"d96a88382fca7202","id":"4390befbc3e07114","size":50,"hidden":false},{"source":"9b182b9d889288b2","target":"b7c42570cb467658","id":"fccd75259ec9ec16","size":45,"hidden":false},{"source":"052c42f0ea4c300e","target":"2273d046d52239f0","id":"6d14f713eb0587d3","size":1,"hidden":false},{"source":"42640f754a3eab44","target":"d96a88382fca7202","id":"5c9da803ae0fb0d4","size":1,"hidden":false},{"source":"913e31841ef136ba","target":"2d94b9d7cc9d41a5","id":"ef21c71f70187626","size":1,"hidden":false},{"source":"f2d7b6e3409554f4","target":"d96a88382fca7202","id":"6028c34a6a1ca362","size":1,"hidden":false},{"source":"7eeb7df2689d207e","target":"3abcac64e7c91c18","id":"fe4b7c1d785d95b7","size":1,"hidden":false},{"source":"8479ff70d50a842e","target":"2d77aec200cc8e26","id":"d10da0c5f07617b5","size":1,"hidden":false},{"source":"d96a88382fca7202","target":"2424e5d94febd717","id":"9f5ea9f046c3169b","size":11,"hidden":false},{"source":"90aa8b95a19c2378","target":"25cc72e819363e2f","id":"29c406fb99a283aa","size":8,"hidden":false},{"source":"90aa8b95a19c2378","target":"90aa8b95a19c2378","id":"94f2414c297eb4c2","size":181,"hidden":false},{"source":"161d5c771886163e","target":"d96a88382fca7202","id":"2d12970ac536ee63","size":1,"hidden":false},{"source":"2d94b9d7cc9d41a5","target":"4b50db525ea85b04","id":"fb8e3e3694c2a5d8","size":20,"hidden":false},{"source":"d96a88382fca7202","target":"25cc72e819363e2f","id":"004118c31759aed3","size":15,"hidden":false},{"source":"b7c42570cb467658","target":"d96a88382fca7202","id":"d559f0793173c2cc","size":15,"hidden":false},{"source":"913e31841ef136ba","target":"7acbb42cd3facc99","id":"27673e6a41e3e251","size":1,"hidden":false},{"source":"4b50db525ea85b04","target":"af48127c36c2d661","id":"ad454a1aad67f132","size":1,"hidden":false},{"source":"b7c42570cb467658","target":"d77d2cd7ce2ab1f5","id":"6e272a746791f9e1","size":1,"hidden":false},{"source":"913e31841ef136ba","target":"ffa5d0c8acbc3d93","id":"312eda0c2d2e5bdb","size":1,"hidden":false},{"source":"913e31841ef136ba","target":"d96a88382fca7202","id":"e1c4204f985640f9","size":20,"hidden":false},{"source":"9b182b9d889288b2","target":"d96a88382fca7202","id":"cbf957e53e5ae443","size":68,"hidden":false},{"source":"d96a88382fca7202","target":"90aa8b95a19c2378","id":"bd1cb3341b760eb0","size":23,"hidden":false},{"source":"7be7ca8a0f384613","target":"7be7ca8a0f384613","id":"374b0d633314f3d9","size":8,"hidden":false},{"source":"4b50db525ea85b04","target":"f40aecf7162ea5ef","id":"ad06318651cefadf","size":1,"hidden":false},{"source":"7eeb7df2689d207e","target":"fc9d9adca015aeaa","id":"916200ec7b650efa","size":1,"hidden":false},{"source":"90aa8b95a19c2378","target":"c7f2aaa4283eab74","id":"29b61807d88b1292","size":1,"hidden":false},{"source":"913e31841ef136ba","target":"7eeb7df2689d207e","id":"ab963cfa3d118256","size":94,"hidden":false},{"source":"96a9a87126fcab2e","target":"25cc72e819363e2f","id":"d5cec7d7e77cd45c","size":1,"hidden":false},{"source":"7c4a088722d55012","target":"619540bd38959ba3","id":"6ce5a30fd9a84c03","size":1,"hidden":false},{"source":"d96a88382fca7202","target":"75309e683d45f8c4","id":"b7bd64f80a06c961","size":32,"hidden":false},{"source":"2424e5d94febd717","target":"25cc72e819363e2f","id":"0f88109ae944996b","size":1,"hidden":false},{"source":"2d94b9d7cc9d41a5","target":"90aa8b95a19c2378","id":"7e4fb1c75837a297","size":7,"hidden":false},{"source":"adcb5b67af8abe73","target":"40cf28b347e8f846","id":"6e53eab469815e10","size":1,"hidden":false},{"source":"d96a88382fca7202","target":"8479ff70d50a842e","id":"ad56268de3c54f0f","size":21,"hidden":false},{"source":"fba445d267efad74","target":"c7f2aaa4283eab74","id":"6df1e6ca2c87daf6","size":1,"hidden":false},{"source":"60df17a65f881559","target":"d96a88382fca7202","id":"75880d476383e55c","size":13,"hidden":false},{"source":"90aa8b95a19c2378","target":"fb3228f5209cf914","id":"3fcc6db8ebf229c4","size":1,"hidden":false},{"source":"7eeb7df2689d207e","target":"2d77aec200cc8e26","id":"a9e89457983c70e0","size":1,"hidden":false},{"source":"7eeb7df2689d207e","target":"90aa8b95a19c2378","id":"4817a8b56321d728","size":1,"hidden":false},{"source":"c3ff54c56ed18104","target":"d96a88382fca7202","id":"a6c9bc455c6eff98","size":21,"hidden":false},{"source":"8479ff70d50a842e","target":"c3ff54c56ed18104","id":"b8c3dbddeee2054b","size":43,"hidden":false},{"source":"85a0320306ad1085","target":"7571626881324235","id":"ae680dea584d397b","size":1,"hidden":false},{"source":"e31822a8f5d091ff","target":"d96a88382fca7202","id":"a22e620c7f20863e","size":16,"hidden":false},{"source":"c68f65e985eb0053","target":"ffa5d0c8acbc3d93","id":"63179a024bd15588","size":1,"hidden":false},{"source":"584d994a0565a2c3","target":"e3e092dc0a51125c","id":"7429093e2d1a5efd","size":1,"hidden":false},{"source":"913e31841ef136ba","target":"adcb5b67af8abe73","id":"0200f89534b3c7a7","size":69,"hidden":false},{"source":"2d94b9d7cc9d41a5","target":"aca4f0a72a0832d5","id":"b33a8bbd845b9c86","size":1,"hidden":false},{"source":"913e31841ef136ba","target":"3e1657043297a622","id":"fb35530902b7734e","size":1,"hidden":false},{"source":"c3ff54c56ed18104","target":"2eb82226a74f84fd","id":"488a4867e443fefd","size":1,"hidden":false},{"source":"adcb5b67af8abe73","target":"0b991d1880de4360","id":"fd996a4e680fd4aa","size":1,"hidden":false},{"source":"4b50db525ea85b04","target":"a9bb44d5d8acf26e","id":"d70f3446b45c0bc2","size":1,"hidden":false},{"source":"913e31841ef136ba","target":"dad8b8987831970a","id":"29e54176747249b9","size":1,"hidden":false},{"source":"9b182b9d889288b2","target":"e604ae571e9f10f4","id":"7c037a8a28e14c46","size":1,"hidden":false},{"source":"85a0320306ad1085","target":"d96a88382fca7202","id":"c42b96a982cc3eec","size":8,"hidden":false},{"source":"75309e683d45f8c4","target":"ac462741d5981a2f","id":"0c58c41ea61cc814","size":1,"hidden":false},{"source":"931a5454378cefc0","target":"d96a88382fca7202","id":"fd5f0851253f2166","size":1,"hidden":false},{"source":"b7c42570cb467658","target":"e604ae571e9f10f4","id":"a0f8669fffa6a777","size":1,"hidden":false},{"source":"25cc72e819363e2f","target":"a848b0faa9513459","id":"4d9e6db6f68913e9","size":1,"hidden":false},{"source":"c3ff54c56ed18104","target":"7eeb7df2689d207e","id":"84c9d557cd6e5df3","size":21,"hidden":false},{"source":"d96a88382fca7202","target":"96a9a87126fcab2e","id":"556e672502078c5c","size":15,"hidden":false},{"source":"c3ff54c56ed18104","target":"56bb89886c5df915","id":"d30458b79f60b0f9","size":1,"hidden":false},{"source":"fba445d267efad74","target":"977396656c7dae84","id":"5ab4cc5c067229f5","size":1,"hidden":false},{"source":"d96a88382fca7202","target":"c68f65e985eb0053","id":"48cb6166e0ac8e28","size":13,"hidden":false},{"source":"913e31841ef136ba","target":"3abcac64e7c91c18","id":"f7d4b49fcb424435","size":1,"hidden":false},{"source":"f6b0471a0691e639","target":"052c42f0ea4c300e","id":"ab4d98b094b2fbd1","size":1,"hidden":false},{"source":"b7c42570cb467658","target":"07d725e2dac2be20","id":"675061cb95d8cb92","size":1,"hidden":false},{"source":"7eeb7df2689d207e","target":"7acbb42cd3facc99","id":"84d90198bbf57f6a","size":1,"hidden":false},{"source":"e31822a8f5d091ff","target":"31a96243f9df4ec8","id":"e658a39bdd2a994e","size":1,"hidden":false},{"source":"fba445d267efad74","target":"60df17a65f881559","id":"98960d4f1ddccdd7","size":1,"hidden":false},{"source":"f2d7b6e3409554f4","target":"20870015a072b101","id":"119864300c111312","size":159,"hidden":false},{"source":"96a9a87126fcab2e","target":"913e31841ef136ba","id":"d0c2492e8a565877","size":1,"hidden":false},{"source":"7be7ca8a0f384613","target":"d96a88382fca7202","id":"d6946d86e7915165","size":10,"hidden":false},{"source":"913e31841ef136ba","target":"fb3228f5209cf914","id":"2500dbabcdfe729a","size":1,"hidden":false},{"source":"052c42f0ea4c300e","target":"584d994a0565a2c3","id":"e9b58bf071cf8f0e","size":15,"hidden":false},{"source":"c3ff54c56ed18104","target":"3c2a1866e1bfb5c1","id":"5878bcfd3e9c2058","size":1,"hidden":false},{"source":"4b50db525ea85b04","target":"8479ff70d50a842e","id":"e4bde14a76cd0d69","size":8,"hidden":false},{"source":"adcb5b67af8abe73","target":"2eb82226a74f84fd","id":"31d30ba49bcd8ff1","size":1,"hidden":false},{"source":"60df17a65f881559","target":"60df17a65f881559","id":"68ceae928eca990a","size":65,"hidden":false},{"source":"913e31841ef136ba","target":"c7f2aaa4283eab74","id":"c4cc74fcabf953b8","size":1,"hidden":false},{"source":"8479ff70d50a842e","target":"7b6548eea455ba9b","id":"a66372d7f082a503","size":1,"hidden":false},{"source":"d96a88382fca7202","target":"052c42f0ea4c300e","id":"42f180f99afbcc22","size":15,"hidden":false},{"source":"2d94b9d7cc9d41a5","target":"a848b0faa9513459","id":"84901230bb261696","size":1,"hidden":false},{"source":"60df17a65f881559","target":"fba445d267efad74","id":"4e29bf1a0ce21d59","size":1,"hidden":false},{"source":"75309e683d45f8c4","target":"75309e683d45f8c4","id":"77c3b245b730155c","size":137,"hidden":false},{"source":"fba445d267efad74","target":"90aa8b95a19c2378","id":"de9e06cfdb84b63a","size":25,"hidden":false},{"source":"c3ff54c56ed18104","target":"ea0548320b629051","id":"a8cd45527ec901c4","size":1,"hidden":false},{"source":"7eeb7df2689d207e","target":"9d4a501817dd2824","id":"1657f6832f923abd","size":1,"hidden":false},{"source":"75309e683d45f8c4","target":"977396656c7dae84","id":"4cd45d9ee09593a9","size":1,"hidden":false},{"source":"913e31841ef136ba","target":"3c2a1866e1bfb5c1","id":"b4d378cc0ac8d9eb","size":1,"hidden":false},{"source":"adcb5b67af8abe73","target":"7eeb7df2689d207e","id":"20bf98f2ed5151e1","size":7,"hidden":false},{"source":"90aa8b95a19c2378","target":"6f2efc6ea143394a","id":"18fa358d4b452e02","size":1,"hidden":false},{"source":"36d38647a08e8f4a","target":"a8450e116f99d97a","id":"e36437c02f659776","size":1,"hidden":false},{"source":"d96a88382fca7202","target":"931a5454378cefc0","id":"788aa23834ed171a","size":8,"hidden":false},{"source":"9b182b9d889288b2","target":"4250c489a6980664","id":"fa48030edaaea885","size":1,"hidden":false},{"source":"90aa8b95a19c2378","target":"3e1657043297a622","id":"48b5bac8ec0fb082","size":1,"hidden":false},{"source":"c3ff54c56ed18104","target":"913e31841ef136ba","id":"4a8bb580b7324459","size":44,"hidden":false},{"source":"fba445d267efad74","target":"7ea2c9b0823258ca","id":"9652dc03238499d7","size":1,"hidden":false},{"source":"85a0320306ad1085","target":"f40aecf7162ea5ef","id":"aa6a63b33ca564b2","size":1,"hidden":false},{"source":"25cc72e819363e2f","target":"2424e5d94febd717","id":"10207a6b38a8da11","size":1,"hidden":false},{"source":"d96a88382fca7202","target":"f6b0471a0691e639","id":"2d848a8386700826","size":19,"hidden":false},{"source":"4b50db525ea85b04","target":"40cf28b347e8f846","id":"fede20ea0ff0a7bb","size":1,"hidden":false},{"source":"90aa8b95a19c2378","target":"2d94b9d7cc9d41a5","id":"cddaf557aec286ff","size":7,"hidden":false},{"source":"e31822a8f5d091ff","target":"b7a38924d4b32f69","id":"0ec457a00caeab51","size":1,"hidden":false},{"source":"d96a88382fca7202","target":"e31822a8f5d091ff","id":"6c796a53548c79a6","size":30,"hidden":false},{"source":"adcb5b67af8abe73","target":"96a9a87126fcab2e","id":"03260d5760b49fd4","size":1,"hidden":false},{"source":"c68f65e985eb0053","target":"fba445d267efad74","id":"27facd36ce5f5bd1","size":9,"hidden":false},{"source":"913e31841ef136ba","target":"fc9d9adca015aeaa","id":"db5d73f1716ff81e","size":1,"hidden":false},{"source":"8479ff70d50a842e","target":"913e31841ef136ba","id":"3f55834559290c3f","size":17,"hidden":false},{"source":"8479ff70d50a842e","target":"05129a84a38b390b","id":"f21e29fc18db5a8d","size":1,"hidden":false},{"source":"c3ff54c56ed18104","target":"e720f17a9500c893","id":"1ae49221359cad8e","size":1,"hidden":false},{"source":"7eeb7df2689d207e","target":"168581670e87cda6","id":"c0dbd856999b651c","size":1,"hidden":false},{"source":"b7c42570cb467658","target":"4250c489a6980664","id":"eb2f225ae91754df","size":1,"hidden":false},{"source":"96a9a87126fcab2e","target":"7eeb7df2689d207e","id":"b5009fbfd55064ce","size":1,"hidden":false},{"source":"25cc72e819363e2f","target":"d96a88382fca7202","id":"703c8ce64a88ddf2","size":7,"hidden":false},{"source":"fba445d267efad74","target":"aca4f0a72a0832d5","id":"b961a7d9837ba9ae","size":1,"hidden":false},{"source":"adcb5b67af8abe73","target":"ea0548320b629051","id":"20e0f3540d3c6be0","size":1,"hidden":false},{"source":"d96a88382fca7202","target":"7c4a088722d55012","id":"35fb51897161f23d","size":27,"hidden":false},{"source":"36d38647a08e8f4a","target":"7acbb42cd3facc99","id":"bdb1f54ca9bf77ec","size":1,"hidden":false},{"source":"25cc72e819363e2f","target":"2d94b9d7cc9d41a5","id":"dbaca58ed896bc37","size":1,"hidden":false},{"source":"adcb5b67af8abe73","target":"90aa8b95a19c2378","id":"6623203d04121a33","size":8,"hidden":false},{"source":"913e31841ef136ba","target":"b74dbb14f7405e2b","id":"df7a2ffe55acf0c1","size":1,"hidden":false},{"source":"25cc72e819363e2f","target":"fba445d267efad74","id":"e7b5b58807e540c3","size":25,"hidden":false},{"source":"90aa8b95a19c2378","target":"d96a88382fca7202","id":"ebb8cef2e5555f5c","size":12,"hidden":false},{"source":"adcb5b67af8abe73","target":"7ea2c9b0823258ca","id":"31a5edf45bc6e1c1","size":1,"hidden":false},{"source":"913e31841ef136ba","target":"36d38647a08e8f4a","id":"adc2268dc3b63d42","size":33,"hidden":false},{"source":"c68f65e985eb0053","target":"d96a88382fca7202","id":"749152762c581580","size":7,"hidden":false},{"source":"913e31841ef136ba","target":"6f2efc6ea143394a","id":"28e0b51916ec7351","size":1,"hidden":false},{"source":"c68f65e985eb0053","target":"63797ff1c2ed04ae","id":"0d646308ffe04f6d","size":1,"hidden":false},{"source":"d96a88382fca7202","target":"913e31841ef136ba","id":"20b3cddaa1443f8c","size":40,"hidden":false},{"source":"adcb5b67af8abe73","target":"2d77aec200cc8e26","id":"eda62a4c62435d14","size":1,"hidden":false},{"source":"4b50db525ea85b04","target":"2d94b9d7cc9d41a5","id":"6ba991e7d3a3e84a","size":20,"hidden":false},{"source":"adcb5b67af8abe73","target":"913e31841ef136ba","id":"f3b4477fe05d0244","size":69,"hidden":false},{"source":"459eee7d1e93c2c4","target":"d96a88382fca7202","id":"c1ab1e34050964d1","size":1,"hidden":false},{"source":"90aa8b95a19c2378","target":"fba445d267efad74","id":"6db0547382def1d2","size":25,"hidden":false},{"source":"d96a88382fca7202","target":"a9d73457200d49af","id":"7bb23d28f81705af","size":13,"hidden":false},{"source":"d96a88382fca7202","target":"60df17a65f881559","id":"d55f6a5739cfb244","size":27,"hidden":false},{"source":"7eeb7df2689d207e","target":"9bef591d470e1e1c","id":"1560ee23d67a198d","size":1,"hidden":false},{"source":"4b50db525ea85b04","target":"d96a88382fca7202","id":"b21e9d4a7fd10e94","size":9,"hidden":false},{"source":"8479ff70d50a842e","target":"56bb89886c5df915","id":"f1c8f5ce0ef58b10","size":1,"hidden":false},{"source":"fba445d267efad74","target":"c68f65e985eb0053","id":"b770c0999b92cc19","size":9,"hidden":false},{"source":"9b182b9d889288b2","target":"07d725e2dac2be20","id":"1ce0f46f8bd5f35d","size":1,"hidden":false},{"source":"4b50db525ea85b04","target":"c3ff54c56ed18104","id":"8f24012cb66ea03d","size":24,"hidden":false},{"source":"20870015a072b101","target":"f2d7b6e3409554f4","id":"34f0a7606fb05579","size":159,"hidden":false},{"source":"913e31841ef136ba","target":"40cf28b347e8f846","id":"3995c06aaa3ace7a","size":1,"hidden":false},{"source":"36d38647a08e8f4a","target":"7eeb7df2689d207e","id":"8599c2b7516b1b42","size":27,"hidden":false},{"source":"a9d73457200d49af","target":"d96a88382fca7202","id":"7b1ca56db465ea9b","size":7,"hidden":false},{"source":"7eeb7df2689d207e","target":"1aefb9bc05835b48","id":"06e4dc4e4c27ada3","size":1,"hidden":false},{"source":"8479ff70d50a842e","target":"e720f17a9500c893","id":"ddbbc25a13786681","size":1,"hidden":false},{"source":"913e31841ef136ba","target":"21a1e59ece77c13b","id":"acbbac59894f4d6c","size":1,"hidden":false}]}