{"nodes":[{"classname":"涉毒","grade":2,"type":"circle","name":"","phone":"18506413343","pid":"15649902462611","id":"30e7d454894480fd","x":690,"y":1339,"color":"#E25D68","size":5,"rank":5,"hidden":false,"flag":false,"topk":26,"topk_value":0.8886170366111321},{"classname":"涉毒","grade":2,"type":"circle","name":"陈建超","phone":"18863077710","pid":"15649902462611","id":"a00aa36868423e0d","x":1592,"y":807,"color":"#E25D68","size":6,"rank":5,"hidden":false,"flag":false,"topk":33,"topk_value":0.8737262116530778},{"classname":"涉毒","grade":1,"type":"equilateral","name":"","phone":"15628803012","pid":"15649902462611","id":"ec219aa64cbf10b3","x":1210,"y":781,"color":"#8BC34A","size":6,"rank":5,"hidden":false,"flag":false,"topk":0,"topk_value":0.9996203125},{"classname":"涉毒","grade":1,"type":"equilateral","name":"","phone":"16653159986","pid":"15649902462611","id":"cf53d6087edad6b6","x":1138,"y":1125,"color":"#E25D68","size":10,"rank":5,"hidden":false,"flag":false,"topk":0,"topk_value":1.5700682084031803},{"classname":"涉毒","grade":1,"type":"equilateral","name":"郭鹏","phone":"18678308679","pid":"15649902462611","id":"e4ff7716fd62b22a","x":1346,"y":1269,"color":"#8BC34A","size":10,"rank":5,"hidden":false,"flag":false,"topk":2,"topk_value":0.9996203125},{"classname":"涉毒","grade":1,"type":"equilateral","name":"","phone":"17686627358","pid":"15649902462611","id":"7fbe58b1dc26b901","x":1200,"y":1515,"color":"#8BC34A","size":7,"rank":5,"hidden":false,"flag":false,"topk":3,"topk_value":0.9996203125},{"classname":"涉毒","grade":0,"type":"star","name":"张三","phone":"18615686505","pid":"15649902462611","id":"7e806bd231f56a2f","x":891,"y":1145,"color":"#E25D68","size":10,"rank":5,"hidden":false,"flag":false,"topk":6,"topk_value":1.1204502052639416},{"classname":"涉毒","grade":2,"type":"circle","name":"宋辉","phone":"15562699595","pid":"15649902462611","id":"fa060939f4f8d10b","x":653,"y":1003,"color":"#E25D68","size":7,"rank":5,"hidden":false,"flag":false,"topk":21,"topk_value":0.9018407199759513},{"classname":"涉毒","grade":1,"type":"equilateral","name":"孙立铭","phone":"15098949158","pid":"15649902462611","id":"25cc72e819363e2f","x":989,"y":1090,"color":"#E25D68","size":10,"rank":5,"hidden":false,"flag":false,"topk":5,"topk_value":1.2258395977669059},{"classname":"涉毒","grade":2,"type":"circle","name":"","phone":"15315711179","pid":"15649902462611","id":"12fc89dc15f5b780","x":862,"y":1631,"color":"#E25D68","size":6,"rank":5,"hidden":false,"flag":false,"topk":34,"topk_value":0.8737262116530778},{"classname":"涉毒","grade":2,"type":"circle","name":"吴坤","phone":"18605331731","pid":"15649902462611","id":"64d101edddbe62e5","x":1075,"y":637,"color":"#E25D68","size":6,"rank":5,"hidden":false,"flag":false,"topk":18,"topk_value":0.9045966997723971},{"classname":"涉毒","grade":1,"type":"equilateral","name":"汪达成","phone":"18615218393","pid":"15649902462611","id":"1d9d3e11ef955136","x":1024,"y":1250,"color":"#E25D68","size":10,"rank":5,"hidden":false,"flag":false,"topk":8,"topk_value":1.056372274578306},{"classname":"涉毒","grade":2,"type":"circle","name":"梁雨辰","phone":"15069131869","pid":"15649902462611","id":"9a8a8b96f041df59","x":1359,"y":1404,"color":"#E25D68","size":6,"rank":5,"hidden":false,"flag":false,"topk":15,"topk_value":0.9054570423779537},{"classname":"涉毒","grade":2,"type":"circle","name":"王老师","phone":"13210568180","pid":"15649902462611","id":"13299e66a9b286e7","x":1258,"y":579,"color":"#E25D68","size":5,"rank":5,"hidden":false,"flag":false,"topk":24,"topk_value":0.891777552460982},{"classname":"涉毒","grade":1,"type":"equilateral","name":"张斌","phone":"18678878010","pid":"15649902462611","id":"a66c7dbcfcef8b3e","x":2209.1629728193593,"y":1058.8790354060345,"color":"#E25D68","size":10,"rank":5,"hidden":false,"flag":false,"topk":7,"topk_value":1.0896647386034015},{"classname":"涉毒","grade":2,"type":"circle","name":"祝向前","phone":"15990968007","pid":"15649902462611","id":"bb61f52224432aee","x":1428,"y":661,"color":"#E25D68","size":4,"rank":5,"hidden":false,"flag":false,"topk":30,"topk_value":0.8759223369336134},{"classname":"涉毒","grade":1,"type":"equilateral","name":"尹加鲁","phone":"17753113466","pid":"15649902462611","id":"756d9344921c3c34","x":1005,"y":1376,"color":"#E25D68","size":8,"rank":5,"hidden":false,"flag":false,"topk":12,"topk_value":0.9379700098506335},{"classname":"涉毒","grade":1,"type":"equilateral","name":"赵凯","phone":"15665888024","pid":"15649902462611","id":"6924edcbcf8a4726","x":1854.3718404700244,"y":728.4389249519294,"color":"#E25D68","size":10,"rank":5,"hidden":false,"flag":false,"topk":1,"topk_value":1.5163589820130345},{"classname":"涉毒","grade":1,"type":"equilateral","name":"周政","phone":"18615179000","pid":"15649902462611","id":"a5c73bdd3ee46637","x":362,"y":1196,"color":"#8BC34A","size":10,"rank":5,"hidden":false,"flag":false,"topk":1,"topk_value":0.9996203125},{"classname":"涉毒","grade":2,"type":"circle","name":"井凤杰","phone":"15066689300","pid":"15649902462611","id":"d03ddf483463046e","x":1673,"y":1152,"color":"#E25D68","size":4,"rank":5,"hidden":false,"flag":false,"topk":35,"topk_value":0.8737262116530778},{"classname":"涉毒","grade":1,"type":"equilateral","name":"王在学","phone":"18615522075","pid":"15649902462611","id":"203295b4664eccff","x":696,"y":857,"color":"#E25D68","size":10,"rank":5,"hidden":false,"flag":false,"topk":9,"topk_value":0.9724389424567318},{"classname":"涉毒","grade":1,"type":"equilateral","name":"","phone":"13793173325","pid":"15649902462611","id":"1a0bfcdaf16f639d","x":835,"y":780,"color":"#E25D68","size":10,"rank":5,"hidden":false,"flag":false,"topk":4,"topk_value":1.2689535890725303},{"classname":"涉毒","grade":2,"type":"circle","name":"","phone":"13335209281","pid":"15649902462611","id":"ef8d20d0af8b709b","x":1482,"y":1001,"color":"#E25D68","size":4,"rank":5,"hidden":false,"flag":false,"topk":25,"topk_value":0.890635324008981},{"classname":"涉毒","grade":2,"type":"circle","name":"曹少宁","phone":"18660428005","pid":"15649902462611","id":"dccfea1aefaf654a","x":1277,"y":923,"color":"#E25D68","size":6,"rank":5,"hidden":false,"flag":false,"topk":13,"topk_value":0.9264862407798611},{"classname":"涉毒","grade":2,"type":"circle","name":"陈传军","phone":"15553149815","pid":"15649902462611","id":"affc349b48683bab","x":469,"y":694,"color":"#E25D68","size":6,"rank":5,"hidden":false,"flag":false,"topk":19,"topk_value":0.9035568662180934},{"classname":"涉毒","grade":2,"type":"circle","name":"付忠贺","phone":"13153101920","pid":"15649902462611","id":"76ed8f421971c8ec","x":777,"y":529,"color":"#E25D68","size":5,"rank":5,"hidden":false,"flag":false,"topk":27,"topk_value":0.8884431526197211},{"classname":"涉毒","grade":2,"type":"circle","name":"张海军","phone":"18853185255","pid":"15649902462611","id":"807d8aa150f233f4","x":1212,"y":1664,"color":"#E25D68","size":4,"rank":5,"hidden":false,"flag":false,"topk":32,"topk_value":0.8753399629975226},{"classname":"涉毒","grade":2,"type":"circle","name":"程琳","phone":"15563358200","pid":"15649902462611","id":"daf199f8bc711a1d","x":1522,"y":1350,"color":"#E25D68","size":4,"rank":5,"hidden":false,"flag":false,"topk":22,"topk_value":0.8965072909900212},{"classname":"涉毒","grade":1,"type":"equilateral","name":"","phone":"13287772037","pid":"15649902462611","id":"f7448292a7c6866d","x":551,"y":1491,"color":"#E25D68","size":7,"rank":5,"hidden":false,"flag":false,"topk":11,"topk_value":0.9389716070677148},{"classname":"涉毒","grade":2,"type":"circle","name":"","phone":"17686667060","pid":"15649902462611","id":"80520bb864c5db64","x":1339,"y":1050,"color":"#E25D68","size":6,"rank":5,"hidden":false,"flag":false,"topk":14,"topk_value":0.9126408871652426},{"classname":"涉毒","grade":2,"type":"circle","name":"","phone":"15668387566","pid":"15649902462611","id":"5c2b2d53847a12e6","x":910,"y":618,"color":"#E25D68","size":6,"rank":5,"hidden":false,"flag":false,"topk":20,"topk_value":0.9029829484279523},{"classname":"涉毒","grade":2,"type":"circle","name":"","phone":"13375610665","pid":"15649902462611","id":"f01fc290c42185e9","x":1180,"y":404,"color":"#E25D68","size":5,"rank":5,"hidden":false,"flag":false,"topk":29,"topk_value":0.8764814987252488},{"classname":"涉毒","grade":1,"type":"equilateral","name":"孙全志","phone":"18253101690","pid":"15649902462611","id":"fc937aadbe660eba","x":1109,"y":985,"color":"#E25D68","size":10,"rank":5,"hidden":false,"flag":false,"topk":2,"topk_value":1.503603767039432},{"classname":"涉毒","grade":2,"type":"circle","name":"马垒","phone":"18678586655","pid":"15649902462611","id":"dc30d7c56b974cbd","x":563,"y":498,"color":"#E25D68","size":5,"rank":5,"hidden":false,"flag":false,"topk":28,"topk_value":0.8792567367748745},{"classname":"涉毒","grade":2,"type":"circle","name":"艾苗","phone":"18553003678","pid":"15649902462611","id":"6c7d57d189556e5a","x":883,"y":340,"color":"#E25D68","size":6,"rank":5,"hidden":false,"flag":false,"topk":31,"topk_value":0.8759223369336134},{"classname":"涉毒","grade":2,"type":"circle","name":"","phone":"18353820813","pid":"15649902462611","id":"9f51bec5ac9ba677","x":494,"y":879,"color":"#E25D68","size":5,"rank":5,"hidden":false,"flag":false,"topk":23,"topk_value":0.8932174198140157},{"classname":"涉毒","grade":1,"type":"equilateral","name":"","phone":"15106965060","pid":"15649902462611","id":"19cf5025b2105647","x":671,"y":1190,"color":"#E25D68","size":9,"rank":5,"hidden":false,"flag":false,"topk":10,"topk_value":0.9709408798074893},{"classname":"涉毒","grade":2,"type":"circle","name":"齐振香","phone":"13589143161","pid":"15649902462611","id":"3d0cb9679da2d4a1","x":899,"y":1450,"color":"#E25D68","size":6,"rank":5,"hidden":false,"flag":false,"topk":16,"topk_value":0.9054570423779537},{"classname":"涉毒","grade":2,"type":"circle","name":"","phone":"15865313664","pid":"15649902462611","id":"b9eb16987ad4fb89","x":766,"y":1118,"color":"#E25D68","size":6,"rank":5,"hidden":false,"flag":false,"topk":17,"topk_value":0.9054570423779537},{"classname":"涉毒","grade":1,"type":"equilateral","name":"","phone":"13256730382","pid":"15649902462611","id":"c3f5adf30c338b03","x":921,"y":915,"color":"#E25D68","size":10,"rank":5,"hidden":false,"flag":false,"topk":3,"topk_value":1.30393461227438}],"edges":[{"source":"25cc72e819363e2f","target":"807d8aa150f233f4","id":"e3bb68f90b202289","size":1,"hidden":false},{"source":"cf53d6087edad6b6","target":"dccfea1aefaf654a","id":"8db36931ed61c50d","size":1,"hidden":false},{"source":"c3f5adf30c338b03","target":"f01fc290c42185e9","id":"45afe1a87efcf58f","size":1,"hidden":false},{"source":"c3f5adf30c338b03","target":"bb61f52224432aee","id":"696afc0e480570c0","size":1,"hidden":false},{"source":"fc937aadbe660eba","target":"30e7d454894480fd","id":"0e60d15b0d88acd7","size":1,"hidden":false},{"source":"6924edcbcf8a4726","target":"9f51bec5ac9ba677","id":"552b4cdc51394fc8","size":1,"hidden":false},{"source":"1a0bfcdaf16f639d","target":"64d101edddbe62e5","id":"f799e5978a4d2f93","size":1,"hidden":false},{"source":"25cc72e819363e2f","target":"fc937aadbe660eba","id":"6cf6ba0f4e394bab","size":7,"hidden":false},{"source":"fc937aadbe660eba","target":"6924edcbcf8a4726","id":"bbff66242a4dafcf","size":15,"hidden":false},{"source":"19cf5025b2105647","target":"c3f5adf30c338b03","id":"b4da9aa577986f61","size":24,"hidden":false},{"source":"ec219aa64cbf10b3","target":"ec219aa64cbf10b3","id":"fc029332eb489560","size":8,"hidden":false},{"source":"a66c7dbcfcef8b3e","target":"7e806bd231f56a2f","id":"5271265c5f16ba4d","size":21,"hidden":false},{"source":"c3f5adf30c338b03","target":"cf53d6087edad6b6","id":"f70f42779f25230e","size":40,"hidden":false},{"source":"203295b4664eccff","target":"6924edcbcf8a4726","id":"51d210fd298ccc17","size":18,"hidden":false},{"source":"fc937aadbe660eba","target":"a66c7dbcfcef8b3e","id":"c21249babac3b2f7","size":9,"hidden":false},{"source":"a5c73bdd3ee46637","target":"7e806bd231f56a2f","id":"e6c98a6108b7fecc","size":8,"hidden":false},{"source":"1a0bfcdaf16f639d","target":"ef8d20d0af8b709b","id":"33df7404eb58985e","size":1,"hidden":false},{"source":"6924edcbcf8a4726","target":"daf199f8bc711a1d","id":"cbcad614763e37bf","size":1,"hidden":false},{"source":"fc937aadbe660eba","target":"76ed8f421971c8ec","id":"f1870a0edc47924a","size":1,"hidden":false},{"source":"7e806bd231f56a2f","target":"7e806bd231f56a2f","id":"e27ed24854f8037f","size":175,"hidden":false},{"source":"fc937aadbe660eba","target":"3d0cb9679da2d4a1","id":"552d687742b483c2","size":1,"hidden":false},{"source":"cf53d6087edad6b6","target":"6924edcbcf8a4726","id":"6883c326b2591516","size":11,"hidden":false},{"source":"e4ff7716fd62b22a","target":"7fbe58b1dc26b901","id":"d6b909491a2bc162","size":7,"hidden":false},{"source":"1d9d3e11ef955136","target":"9a8a8b96f041df59","id":"7e4e1002ffee2bdd","size":1,"hidden":false},{"source":"25cc72e819363e2f","target":"7e806bd231f56a2f","id":"d44722c1b3fbb5de","size":31,"hidden":false},{"source":"19cf5025b2105647","target":"756d9344921c3c34","id":"18ded9048c5121ad","size":1,"hidden":false},{"source":"7e806bd231f56a2f","target":"e4ff7716fd62b22a","id":"b7c13602e8aed372","size":71,"hidden":false},{"source":"25cc72e819363e2f","target":"64d101edddbe62e5","id":"e5ab49cd5b41fd26","size":1,"hidden":false},{"source":"c3f5adf30c338b03","target":"80520bb864c5db64","id":"b316a69cde9d2de4","size":1,"hidden":false},{"source":"7e806bd231f56a2f","target":"fc937aadbe660eba","id":"42a3328baa81fc27","size":23,"hidden":false},{"source":"a66c7dbcfcef8b3e","target":"80520bb864c5db64","id":"6821ed17fc34c6e8","size":1,"hidden":false},{"source":"1d9d3e11ef955136","target":"c3f5adf30c338b03","id":"ee3108a8f8358265","size":8,"hidden":false},{"source":"1a0bfcdaf16f639d","target":"7e806bd231f56a2f","id":"1129ea594fe14f02","size":9,"hidden":false},{"source":"19cf5025b2105647","target":"f7448292a7c6866d","id":"32592d1ae2cdcad7","size":7,"hidden":false},{"source":"cf53d6087edad6b6","target":"3d0cb9679da2d4a1","id":"7b673f4b249bb5ef","size":1,"hidden":false},{"source":"ec219aa64cbf10b3","target":"7e806bd231f56a2f","id":"c096f5b075ff86b4","size":8,"hidden":false},{"source":"7e806bd231f56a2f","target":"ec219aa64cbf10b3","id":"6bfa559d275dc43b","size":15,"hidden":false},{"source":"c3f5adf30c338b03","target":"19cf5025b2105647","id":"5cb26b4176dcc02c","size":24,"hidden":false},{"source":"25cc72e819363e2f","target":"203295b4664eccff","id":"e042d61aee9c8dea","size":1,"hidden":false},{"source":"7e806bd231f56a2f","target":"203295b4664eccff","id":"5bb469f7f0db8cbb","size":17,"hidden":false},{"source":"a66c7dbcfcef8b3e","target":"ef8d20d0af8b709b","id":"8ec78a670c73d22a","size":1,"hidden":false},{"source":"fc937aadbe660eba","target":"9a8a8b96f041df59","id":"70bf08ea5cd51f93","size":1,"hidden":false},{"source":"cf53d6087edad6b6","target":"daf199f8bc711a1d","id":"d2871d151ead44c3","size":1,"hidden":false},{"source":"a5c73bdd3ee46637","target":"a5c73bdd3ee46637","id":"29d8e8ff3db7afaf","size":103,"hidden":false},{"source":"1a0bfcdaf16f639d","target":"fa060939f4f8d10b","id":"019d725b986c2ed8","size":1,"hidden":false},{"source":"fc937aadbe660eba","target":"cf53d6087edad6b6","id":"dccb1f789499ea97","size":37,"hidden":false},{"source":"203295b4664eccff","target":"25cc72e819363e2f","id":"5fc95064172f2f69","size":1,"hidden":false},{"source":"1d9d3e11ef955136","target":"3d0cb9679da2d4a1","id":"5cbafd119904d91c","size":1,"hidden":false},{"source":"6924edcbcf8a4726","target":"64d101edddbe62e5","id":"742dbb531d66b516","size":1,"hidden":false},{"source":"756d9344921c3c34","target":"19cf5025b2105647","id":"330ef53ffecd07a0","size":1,"hidden":false},{"source":"a66c7dbcfcef8b3e","target":"daf199f8bc711a1d","id":"22b5ec0813ae72a5","size":1,"hidden":false},{"source":"6924edcbcf8a4726","target":"76ed8f421971c8ec","id":"cdb4b5275c8b0e41","size":1,"hidden":false},{"source":"c3f5adf30c338b03","target":"1d9d3e11ef955136","id":"55ed8f1f27963a05","size":8,"hidden":false},{"source":"6924edcbcf8a4726","target":"19cf5025b2105647","id":"09aade76e36ea881","size":1,"hidden":false},{"source":"756d9344921c3c34","target":"7e806bd231f56a2f","id":"03aa639f30a5647b","size":13,"hidden":false},{"source":"c3f5adf30c338b03","target":"203295b4664eccff","id":"804b4720c5f53824","size":17,"hidden":false},{"source":"25cc72e819363e2f","target":"b9eb16987ad4fb89","id":"427cdc5ac8c051a5","size":1,"hidden":false},{"source":"7e806bd231f56a2f","target":"c3f5adf30c338b03","id":"3bf72497c80564c0","size":129,"hidden":false},{"source":"cf53d6087edad6b6","target":"cf53d6087edad6b6","id":"383125a77964ff5e","size":82,"hidden":false},{"source":"1d9d3e11ef955136","target":"dccfea1aefaf654a","id":"b13a76d8f1f6ee02","size":1,"hidden":false},{"source":"25cc72e819363e2f","target":"cf53d6087edad6b6","id":"ccae9229f85b11c5","size":48,"hidden":false},{"source":"cf53d6087edad6b6","target":"d03ddf483463046e","id":"df1753cdbbd517d2","size":1,"hidden":false},{"source":"cf53d6087edad6b6","target":"a00aa36868423e0d","id":"9eeb69f63fd37439","size":1,"hidden":false},{"source":"6924edcbcf8a4726","target":"1a0bfcdaf16f639d","id":"10f619527dfafebf","size":21,"hidden":false},{"source":"cf53d6087edad6b6","target":"64d101edddbe62e5","id":"09fc836dc53755a7","size":1,"hidden":false},{"source":"1d9d3e11ef955136","target":"7e806bd231f56a2f","id":"2973279890822101","size":10,"hidden":false},{"source":"6924edcbcf8a4726","target":"6c7d57d189556e5a","id":"ac1c6c99ade9982d","size":1,"hidden":false},{"source":"fc937aadbe660eba","target":"b9eb16987ad4fb89","id":"fe26e2b3d0ec565a","size":1,"hidden":false},{"source":"6924edcbcf8a4726","target":"fc937aadbe660eba","id":"adc6711d6f269a6d","size":15,"hidden":false},{"source":"6924edcbcf8a4726","target":"13299e66a9b286e7","id":"939d63e53dafe884","size":1,"hidden":false},{"source":"6924edcbcf8a4726","target":"6924edcbcf8a4726","id":"5d33c5ee8c91aed0","size":108,"hidden":false},{"source":"cf53d6087edad6b6","target":"fa060939f4f8d10b","id":"52616a2e367525aa","size":1,"hidden":false},{"source":"1a0bfcdaf16f639d","target":"affc349b48683bab","id":"a2c850b90b6d1c82","size":1,"hidden":false},{"source":"7e806bd231f56a2f","target":"cf53d6087edad6b6","id":"360b73107eb11e11","size":22,"hidden":false},{"source":"fc937aadbe660eba","target":"a00aa36868423e0d","id":"dbdf7efbd91f824a","size":1,"hidden":false},{"source":"6924edcbcf8a4726","target":"30e7d454894480fd","id":"b81e325dbdaee219","size":1,"hidden":false},{"source":"1d9d3e11ef955136","target":"1d9d3e11ef955136","id":"0af089d8c5278c0a","size":56,"hidden":false},{"source":"cf53d6087edad6b6","target":"b9eb16987ad4fb89","id":"85217ed01c84ec14","size":1,"hidden":false},{"source":"c3f5adf30c338b03","target":"7e806bd231f56a2f","id":"d76c2622b9f538c2","size":65,"hidden":false},{"source":"1d9d3e11ef955136","target":"25cc72e819363e2f","id":"efbe28a6bfbd8f9a","size":12,"hidden":false},{"source":"1d9d3e11ef955136","target":"b9eb16987ad4fb89","id":"ead903cafd303900","size":1,"hidden":false},{"source":"cf53d6087edad6b6","target":"fc937aadbe660eba","id":"6548c329b1b3af2e","size":37,"hidden":false},{"source":"cf53d6087edad6b6","target":"c3f5adf30c338b03","id":"de5fe3e35b29f7da","size":40,"hidden":false},{"source":"cf53d6087edad6b6","target":"807d8aa150f233f4","id":"307ea1cef487f86e","size":1,"hidden":false},{"source":"756d9344921c3c34","target":"cf53d6087edad6b6","id":"b455901e11b7a92d","size":9,"hidden":false},{"source":"7fbe58b1dc26b901","target":"e4ff7716fd62b22a","id":"fa22f1a5230fb16b","size":7,"hidden":false},{"source":"7e806bd231f56a2f","target":"1a0bfcdaf16f639d","id":"95c2f457a536a603","size":19,"hidden":false},{"source":"cf53d6087edad6b6","target":"12fc89dc15f5b780","id":"4c0229c1f7b7da61","size":1,"hidden":false},{"source":"7fbe58b1dc26b901","target":"7e806bd231f56a2f","id":"b8d05029b320bd5c","size":7,"hidden":false},{"source":"203295b4664eccff","target":"203295b4664eccff","id":"8ac1736c986a5e6a","size":66,"hidden":false},{"source":"25cc72e819363e2f","target":"3d0cb9679da2d4a1","id":"37a09e1395b5dc01","size":1,"hidden":false},{"source":"fc937aadbe660eba","target":"12fc89dc15f5b780","id":"cae22646eec59b71","size":1,"hidden":false},{"source":"1a0bfcdaf16f639d","target":"6924edcbcf8a4726","id":"296802401029a5c4","size":21,"hidden":false},{"source":"fc937aadbe660eba","target":"13299e66a9b286e7","id":"6aa2c8966b56c26d","size":1,"hidden":false},{"source":"25cc72e819363e2f","target":"30e7d454894480fd","id":"a97187ccbdff4235","size":1,"hidden":false},{"source":"7e806bd231f56a2f","target":"756d9344921c3c34","id":"6fb9fc57d4d1a9f5","size":20,"hidden":false},{"source":"e4ff7716fd62b22a","target":"7e806bd231f56a2f","id":"4709ae980ced3538","size":35,"hidden":false},{"source":"6924edcbcf8a4726","target":"bb61f52224432aee","id":"33b468316656e908","size":1,"hidden":false},{"source":"1a0bfcdaf16f639d","target":"dc30d7c56b974cbd","id":"87f81a25d7bfbb99","size":1,"hidden":false},{"source":"1a0bfcdaf16f639d","target":"25cc72e819363e2f","id":"c81c53098dd50f84","size":22,"hidden":false},{"source":"a66c7dbcfcef8b3e","target":"a66c7dbcfcef8b3e","id":"b20f09b6648e9b9f","size":68,"hidden":false},{"source":"19cf5025b2105647","target":"6924edcbcf8a4726","id":"6f7423e4ffb808e3","size":1,"hidden":false},{"source":"756d9344921c3c34","target":"dccfea1aefaf654a","id":"dbda5d079635ab66","size":1,"hidden":false},{"source":"fc937aadbe660eba","target":"d03ddf483463046e","id":"57dd3569d21cc38d","size":1,"hidden":false},{"source":"c3f5adf30c338b03","target":"9f51bec5ac9ba677","id":"9e4994300da3903e","size":1,"hidden":false},{"source":"fc937aadbe660eba","target":"c3f5adf30c338b03","id":"89267775ff1c59cc","size":14,"hidden":false},{"source":"203295b4664eccff","target":"7e806bd231f56a2f","id":"ec790dd5f37faeaa","size":9,"hidden":false},{"source":"6924edcbcf8a4726","target":"5c2b2d53847a12e6","id":"1f624b7d0163280c","size":1,"hidden":false},{"source":"f7448292a7c6866d","target":"7e806bd231f56a2f","id":"ff99488c6e81a6c8","size":8,"hidden":false},{"source":"6924edcbcf8a4726","target":"cf53d6087edad6b6","id":"0a2313bd40ab3961","size":11,"hidden":false},{"source":"c3f5adf30c338b03","target":"c3f5adf30c338b03","id":"3a67a527110de848","size":29,"hidden":false},{"source":"7e806bd231f56a2f","target":"6924edcbcf8a4726","id":"a49fb66650b47001","size":29,"hidden":false},{"source":"cf53d6087edad6b6","target":"80520bb864c5db64","id":"eba73aeb5f33b3c0","size":1,"hidden":false},{"source":"25cc72e819363e2f","target":"1a0bfcdaf16f639d","id":"1ab27119d9b9c10d","size":22,"hidden":false},{"source":"1a0bfcdaf16f639d","target":"9f51bec5ac9ba677","id":"81558a41c933c05f","size":1,"hidden":false},{"source":"c3f5adf30c338b03","target":"6c7d57d189556e5a","id":"c98b8cf5683364a2","size":1,"hidden":false},{"source":"7e806bd231f56a2f","target":"25cc72e819363e2f","id":"1d72416c3ffe180f","size":51,"hidden":false},{"source":"25cc72e819363e2f","target":"80520bb864c5db64","id":"7895bd8bf9bc6fcd","size":1,"hidden":false},{"source":"cf53d6087edad6b6","target":"756d9344921c3c34","id":"48d111c07594e185","size":9,"hidden":false},{"source":"203295b4664eccff","target":"affc349b48683bab","id":"f29e17ef3c4dab64","size":1,"hidden":false},{"source":"cf53d6087edad6b6","target":"5c2b2d53847a12e6","id":"ed4bb1e9ee464109","size":1,"hidden":false},{"source":"fc937aadbe660eba","target":"25cc72e819363e2f","id":"4fe9bc8bff1f64da","size":7,"hidden":false},{"source":"cf53d6087edad6b6","target":"9a8a8b96f041df59","id":"b8eea3c39cb915fd","size":1,"hidden":false},{"source":"1a0bfcdaf16f639d","target":"5c2b2d53847a12e6","id":"9fd66e59b3efb073","size":1,"hidden":false},{"source":"6924edcbcf8a4726","target":"7e806bd231f56a2f","id":"be3574c9832aa7cb","size":15,"hidden":false},{"source":"19cf5025b2105647","target":"7e806bd231f56a2f","id":"8168e8b125c4179e","size":27,"hidden":false},{"source":"7e806bd231f56a2f","target":"f7448292a7c6866d","id":"23b7f9873a11e90a","size":14,"hidden":false},{"source":"f7448292a7c6866d","target":"f7448292a7c6866d","id":"2a03b1dc23f33ba4","size":17,"hidden":false},{"source":"c3f5adf30c338b03","target":"6924edcbcf8a4726","id":"cf78b98cc0383da1","size":45,"hidden":false},{"source":"fc937aadbe660eba","target":"5c2b2d53847a12e6","id":"48a83f0153457398","size":1,"hidden":false},{"source":"a66c7dbcfcef8b3e","target":"fa060939f4f8d10b","id":"7883dc5294a983e3","size":1,"hidden":false},{"source":"6924edcbcf8a4726","target":"c3f5adf30c338b03","id":"41ccece6bcf8ce94","size":45,"hidden":false},{"source":"25cc72e819363e2f","target":"1d9d3e11ef955136","id":"b1403569d1552628","size":12,"hidden":false},{"source":"cf53d6087edad6b6","target":"7e806bd231f56a2f","id":"bf40abdca3cf8632","size":12,"hidden":false},{"source":"7e806bd231f56a2f","target":"a5c73bdd3ee46637","id":"6d5018652bfca2b3","size":15,"hidden":false},{"source":"cf53d6087edad6b6","target":"25cc72e819363e2f","id":"9eabd4ef579c9898","size":48,"hidden":false},{"source":"7e806bd231f56a2f","target":"19cf5025b2105647","id":"9f2b5fad61b28987","size":63,"hidden":false},{"source":"6924edcbcf8a4726","target":"dc30d7c56b974cbd","id":"70aa5c52d53aab32","size":1,"hidden":false},{"source":"f7448292a7c6866d","target":"19cf5025b2105647","id":"e96ef876a8abd96c","size":7,"hidden":false},{"source":"1d9d3e11ef955136","target":"cf53d6087edad6b6","id":"1d5fdedd235d41ec","size":12,"hidden":false},{"source":"cf53d6087edad6b6","target":"1d9d3e11ef955136","id":"f470b34b35817181","size":12,"hidden":false},{"source":"6924edcbcf8a4726","target":"affc349b48683bab","id":"285fb3db5ce73ef1","size":1,"hidden":false},{"source":"25cc72e819363e2f","target":"9a8a8b96f041df59","id":"24ae9023db78009f","size":1,"hidden":false},{"source":"e4ff7716fd62b22a","target":"e4ff7716fd62b22a","id":"9fa2a70689fe0ed8","size":172,"hidden":false},{"source":"c3f5adf30c338b03","target":"fc937aadbe660eba","id":"b570fa7576bdacc5","size":14,"hidden":false},{"source":"1a0bfcdaf16f639d","target":"13299e66a9b286e7","id":"cfb22309ae9298d2","size":1,"hidden":false},{"source":"c3f5adf30c338b03","target":"76ed8f421971c8ec","id":"b3ce46baef4d3c23","size":1,"hidden":false},{"source":"7e806bd231f56a2f","target":"1d9d3e11ef955136","id":"dd9dc83bde70658e","size":20,"hidden":false},{"source":"7e806bd231f56a2f","target":"7fbe58b1dc26b901","id":"060d772b4f6f8f72","size":13,"hidden":false},{"source":"7fbe58b1dc26b901","target":"7fbe58b1dc26b901","id":"edcc3f1433906f6a","size":15,"hidden":false},{"source":"fc937aadbe660eba","target":"7e806bd231f56a2f","id":"0adf71abccfabf10","size":11,"hidden":false},{"source":"a66c7dbcfcef8b3e","target":"fc937aadbe660eba","id":"e39b296c48965f1c","size":9,"hidden":false},{"source":"7e806bd231f56a2f","target":"a66c7dbcfcef8b3e","id":"608eb84386500e99","size":44,"hidden":false},{"source":"fc937aadbe660eba","target":"f01fc290c42185e9","id":"990e24dc62ab0071","size":1,"hidden":false},{"source":"fc937aadbe660eba","target":"dccfea1aefaf654a","id":"9356e380c3f7e954","size":1,"hidden":false},{"source":"203295b4664eccff","target":"c3f5adf30c338b03","id":"4f21eb5013776159","size":17,"hidden":false},{"source":"6924edcbcf8a4726","target":"203295b4664eccff","id":"90fa88303f3ca643","size":18,"hidden":false}]}