{"edges":[ {"source": "c6dd3364b2b26ca7","target": "4070a8caf0616332","id": "2efc49b983b97552","size": 1,"hidden":false}, {"source": "813fc3906472bee2","target": "a5832d92c014a6ef","id": "12cd18a6a7642cb8","size": 1,"hidden":false}, {"source": "e107700202e9a0d0","target": "989a86a49bd19f61","id": "34938c20cc2b1796","size": 1,"hidden":false}, {"source": "d52cb0f14074bf0a","target": "d52cb0f14074bf0a","id": "eab17633ae8e3a09","size": 60,"hidden":false}, {"source": "295ab44037d92dd2","target": "295ab44037d92dd2","id": "021d7812e7ade9a5","size": 31,"hidden":false}, {"source": "50a7eaf278042092","target": "59cc20405f979cf2","id": "d7059a1f80e54155","size": 1,"hidden":false}, {"source": "c6dd3364b2b26ca7","target": "bdc296f791434b88","id": "d0550bd68b3a6bd6","size": 1,"hidden":false}, {"source": "e107700202e9a0d0","target": "1e4043984a28fb33","id": "11e1f1a530a1f91a","size": 1,"hidden":false}, {"source": "c68cf3d1302561c1","target": "e107700202e9a0d0","id": "9cee0a22476c7600","size": 1,"hidden":false}, {"source": "e107700202e9a0d0","target": "295ab44037d92dd2","id": "3c94f2d353dc8de7","size": 1,"hidden":false}, {"source": "c6dd3364b2b26ca7","target": "e107700202e9a0d0","id": "2e4dc092bd24f914","size": 1,"hidden":false}, {"source": "2bfbc63506d031c3","target": "2bfbc63506d031c3","id": "3def1c47cf4300cc","size": 114,"hidden":false}, {"source": "e107700202e9a0d0","target": "ac989725714d1c03","id": "9258522c142a5a12","size": 1,"hidden":false}, {"source": "33df44ffb9623342","target": "e107700202e9a0d0","id": "e64fb5755df7a2a0","size": 1,"hidden":false}, {"source": "e107700202e9a0d0","target": "2bfbc63506d031c3","id": "74295bafb06364ea","size": 1,"hidden":false}, {"source": "1869de7a8831606b","target": "a5832d92c014a6ef","id": "3d90d81ae635c38e","size": 11,"hidden":false}, {"source": "a5832d92c014a6ef","target": "53d20fa1e4d4374d","id": "5e9339e195b8f1fc","size": 127,"hidden":false}, {"source": "a5832d92c014a6ef","target": "a5832d92c014a6ef","id": "bb1bb55131546d54","size": 304,"hidden":false}, {"source": "2bfbc63506d031c3","target": "e107700202e9a0d0","id": "fcc8e5f9b934a3e1","size": 1,"hidden":false}, {"source": "50a7eaf278042092","target": "c6dd3364b2b26ca7","id": "fcc6921086739c18","size": 110,"hidden":false}, {"source": "41c6d40648539050","target": "a5832d92c014a6ef","id": "8ba97773abe356c1","size": 7,"hidden":false}, {"source": "850f414b4fef6488","target": "e107700202e9a0d0","id": "a2e3c00580c87956","size": 1,"hidden":false}, {"source": "1e4043984a28fb33","target": "e107700202e9a0d0","id": "58ea46d7b8158f55","size": 1,"hidden":false}, {"source": "4785a21173395f81","target": "e107700202e9a0d0","id": "31ea801888f052e7","size": 1,"hidden":false}, {"source": "50a7eaf278042092","target": "e107700202e9a0d0","id": "ad570246d650b817","size": 1,"hidden":false}, {"source": "1869de7a8831606b","target": "cb78d4eaceb3eb9f","id": "7bb0ab9c89ee6c62","size": 1,"hidden":false}, {"source": "e107700202e9a0d0","target": "659575c371827a4a","id": "271def93aa32bf67","size": 1,"hidden":false}, {"source": "c6dd3364b2b26ca7","target": "03155670ee96316f","id": "b7ae215be17bf872","size": 1,"hidden":false}, {"source": "999673ad9c858241","target": "e107700202e9a0d0","id": "1b708b8f75436ffc","size": 1,"hidden":false}, {"source": "bf32ec2a5e4bd41c","target": "4e7ec0182cadc23b","id": "3ec25e5a9439eea1","size": 1,"hidden":false}, {"source": "e107700202e9a0d0","target": "c68cf3d1302561c1","id": "981a387c32e8bd40","size": 1,"hidden":false}, {"source": "a5832d92c014a6ef","target": "813fc3906472bee2","id": "bff2b45b661c2f6c","size": 40,"hidden":false}, {"source": "bf32ec2a5e4bd41c","target": "1bc1f4c83e5a7b16","id": "99ec8d02da01595d","size": 1,"hidden":false}, {"source": "1e4043984a28fb33","target": "1e4043984a28fb33","id": "2875a77b30083eab","size": 29,"hidden":false}, {"source": "9715984dfa5b56f1","target": "e107700202e9a0d0","id": "c34d5d809fa788b1","size": 1,"hidden":false}, {"source": "295ab44037d92dd2","target": "06a09e1aca52d858","id": "87a407deb2d68205","size": 1,"hidden":false}, {"source": "50a7eaf278042092","target": "03155670ee96316f","id": "cdb3da9cf852b41c","size": 1,"hidden":false}, {"source": "e107700202e9a0d0","target": "33df44ffb9623342","id": "4535e2393a44814a","size": 1,"hidden":false}, {"source": "659575c371827a4a","target": "e107700202e9a0d0","id": "a06d2907f0030644","size": 1,"hidden":false}, {"source": "e107700202e9a0d0","target": "bf142169dee0e815","id": "babb38a16bfa34ec","size": 1,"hidden":false}, {"source": "ac989725714d1c03","target": "ac989725714d1c03","id": "e532c57aa9ad1aae","size": 114,"hidden":false}, {"source": "bf32ec2a5e4bd41c","target": "06a09e1aca52d858","id": "fc57c72bcbb919c9","size": 1,"hidden":false}, {"source": "bf32ec2a5e4bd41c","target": "e107700202e9a0d0","id": "28cb615505ddf303","size": 1,"hidden":false}, {"source": "2bfbc63506d031c3","target": "e497e95f14ab9a73","id": "f38503e8d7efda9e","size": 1,"hidden":false}, {"source": "295ab44037d92dd2","target": "1bc1f4c83e5a7b16","id": "2ecd27a59de3aef9","size": 1,"hidden":false}, {"source": "a5832d92c014a6ef","target": "00cf1967f5bb7f1d","id": "7b3dd8505f481084","size": 23,"hidden":false}, {"source": "295ab44037d92dd2","target": "4e7ec0182cadc23b","id": "33227cb0d1c657b8","size": 1,"hidden":false}, {"source": "e107700202e9a0d0","target": "9715984dfa5b56f1","id": "a1337bfb538bbf62","size": 1,"hidden":false}, {"source": "a5832d92c014a6ef","target": "1869de7a8831606b","id": "01dd07eda5c6b5f9","size": 20,"hidden":false}, {"source": "50a7eaf278042092","target": "bdc296f791434b88","id": "e2202da58d74cc92","size": 1,"hidden":false}, {"source": "989a86a49bd19f61","target": "e107700202e9a0d0","id": "e396da11b4de75d7","size": 1,"hidden":false}, {"source": "53d20fa1e4d4374d","target": "a5832d92c014a6ef","id": "89c91daa08046e81","size": 81,"hidden":false}, {"source": "50a7eaf278042092","target": "933f2c404ca647ef","id": "7c1654eb55faa5ab","size": 1,"hidden":false}, {"source": "e107700202e9a0d0","target": "c6dd3364b2b26ca7","id": "26d608e92c290828","size": 1,"hidden":false}, {"source": "e107700202e9a0d0","target": "bf32ec2a5e4bd41c","id": "9702f13302aa0633","size": 1,"hidden":false}, {"source": "989a86a49bd19f61","target": "989a86a49bd19f61","id": "8dadba13b57614ec","size": 110,"hidden":false}, {"source": "a5832d92c014a6ef","target": "ecd801b9a981b960","id": "b5dc636d280afd9d","size": 17,"hidden":false}, {"source": "e107700202e9a0d0","target": "999673ad9c858241","id": "9c50b1f47f19eb70","size": 1,"hidden":false}, {"source": "d52cb0f14074bf0a","target": "e107700202e9a0d0","id": "27ad1a44e7e527bc","size": 1,"hidden":false}, {"source": "c6dd3364b2b26ca7","target": "c6dd3364b2b26ca7","id": "51c41d6b3d1bcb53","size": 480,"hidden":false}, {"source": "41c6d40648539050","target": "41c6d40648539050","id": "b09534de225342d4","size": 45,"hidden":false}, {"source": "c6dd3364b2b26ca7","target": "933f2c404ca647ef","id": "d9eba81ba1dc9539","size": 1,"hidden":false}, {"source": "e107700202e9a0d0","target": "680c6655727ad48f","id": "5d3e5c9a3fee785f","size": 1,"hidden":false}, {"source": "e107700202e9a0d0","target": "0793555b8dea3d36","id": "ad395681c9d6506e","size": 1,"hidden":false}, {"source": "ecd801b9a981b960","target": "ecd801b9a981b960","id": "6831aff8ebaa5ec8","size": 150,"hidden":false}, {"source": "00cf1967f5bb7f1d","target": "a5832d92c014a6ef","id": "ba801d16c2dffdcb","size": 9,"hidden":false}, {"source": "e107700202e9a0d0","target": "850f414b4fef6488","id": "c92caa9a5a584689","size": 1,"hidden":false}, {"source": "50a7eaf278042092","target": "4070a8caf0616332","id": "94d7bc0525221805","size": 1,"hidden":false}, {"source": "c6dd3364b2b26ca7","target": "50a7eaf278042092","id": "a3aa793ab41cfa8c","size": 110,"hidden":false}, {"source": "e107700202e9a0d0","target": "4785a21173395f81","id": "e98e0d23318372b6","size": 1,"hidden":false}, {"source": "41c6d40648539050","target": "cb78d4eaceb3eb9f","id": "e2f87dba5871bf78","size": 1,"hidden":false}, {"source": "e107700202e9a0d0","target": "d52cb0f14074bf0a","id": "74db0206c9a5f5f4","size": 1,"hidden":false}, {"source": "989a86a49bd19f61","target": "e497e95f14ab9a73","id": "9f02c23350f49bf2","size": 1,"hidden":false}, {"source": "e107700202e9a0d0","target": "50a7eaf278042092","id": "86cec2aba6b751d7","size": 1,"hidden":false}, {"source": "a5832d92c014a6ef","target": "41c6d40648539050","id": "ed55b75771f86bf3","size": 14,"hidden":false}, {"source": "c6dd3364b2b26ca7","target": "59cc20405f979cf2","id": "b79d96d206a8fc73","size": 1,"hidden":false}, {"source": "ecd801b9a981b960","target": "a5832d92c014a6ef","id": "173cf732e3d719ed","size": 9,"hidden":false}],"nodes":[ {"type": "equilateral","name": "王婷","phone": "18363088520","id": "00cf1967f5bb7f1d","x": 1465,"y": 769,"color": "#E25D68","size": 7,"rank": 5,"hidden": false,"classname": "","grade": 1,"pid": "15650616262190","topk": 7,"topk_value": 0.8813116414710016}, {"type": "star","name": "王5","phone": "15588818539","id": "a5832d92c014a6ef","x": 1053,"y": 550,"color": "#E25D68","size": 10,"rank": 5,"hidden": false,"classname": "","grade": 0,"pid": "15650616262190","topk": 0,"topk_value": 1.4703652052123466}, {"type": "equilateral","name": "孙义梅","phone": "13210595529","id": "1e4043984a28fb33","x": 904,"y": 1503,"color": "#8BC34A","size": 7,"rank": 5,"hidden": false,"classname": "","grade": 1,"pid": "15650616262190","topk": 5,"topk_value": 0.945614688359375}, {"type": "equilateral","name": "陈霞","phone": "13505403620","id": "9715984dfa5b56f1","x": 454,"y": 1258,"color": "#8BC34A","size": 7,"rank": 5,"hidden": false,"classname": "","grade": 1,"pid": "15650616262190","topk": 12,"topk_value": 0.8747256311672794}, {"type": "equilateral","name": "","phone": "18668908393","id": "41c6d40648539050","x": 745,"y": 387,"color": "#E25D68","size": 8,"rank": 5,"hidden": false,"classname": "","grade": 1,"pid": "15650616262190","topk": 1,"topk_value": 1.0040564245488532}, {"type": "circle","name": "","phone": "18764073069","id": "03155670ee96316f","x": 1055,"y": 903,"color": "#AB47BC","size": 5,"rank": 5,"hidden": false,"classname": "","grade": 2,"pid": "15650616262190","topk": 4,"topk_value": 0.9068427198535208}, {"type": "equilateral","name": "胡雪勇","phone": "13065049593","id": "d52cb0f14074bf0a","x": 1191,"y": 983,"color": "#8BC34A","size": 8,"rank": 5,"hidden": false,"classname": "","grade": 1,"pid": "15650616262190","topk": 6,"topk_value": 0.945614688359375}, {"type": "star","name": "王27","phone": "18766092366","id": "4c28047b6d894b7a","x": 596,"y": 1997,"color": "#E25D68","size": 3,"rank": 5,"hidden": false,"classname": "","grade": 0,"pid": "15650616262190","topk": 10,"topk_value": 100.0}, {"type": "circle","name": "","phone": "13964013298","id": "933f2c404ca647ef","x": 1015,"y": 393,"color": "#AB47BC","size": 6,"rank": 5,"hidden": false,"classname": "","grade": 2,"pid": "15650616262190","topk": 5,"topk_value": 0.9068427198535208}, {"type": "circle","name": "","phone": "18340044445","id": "4070a8caf0616332","x": 565,"y": 383,"color": "#AB47BC","size": 7,"rank": 5,"hidden": false,"classname": "","grade": 2,"pid": "15650616262190","topk": 2,"topk_value": 0.9068427198535208}, {"type": "equilateral","name": "","phone": "13733039945","id": "813fc3906472bee2","x": 1228,"y": 162,"color": "#E25D68","size": 7,"rank": 5,"hidden": false,"classname": "","grade": 1,"pid": "15650616262190","topk": 5,"topk_value": 0.8813116414710016}, {"type": "equilateral","name": "余刚","phone": "18005317188","id": "680c6655727ad48f","x": 758,"y": 1083,"color": "#8BC34A","size": 9,"rank": 5,"hidden": false,"classname": "","grade": 1,"pid": "15650616262190","topk": 14,"topk_value": 0.8747256311672794}, {"type": "equilateral","name": "","phone": "18963586781","id": "bf142169dee0e815","x": 714,"y": 936,"color": "#8BC34A","size": 4,"rank": 5,"hidden": false,"classname": "","grade": 1,"pid": "15650616262190","topk": 13,"topk_value": 0.8747256311672794}, {"type": "equilateral","name": "","phone": "18888291025","id": "bf32ec2a5e4bd41c","x": 983,"y": 1164,"color": "#03A9F4","size": 7,"rank": 5,"hidden": false,"classname": "","grade": 1,"pid": "15650616262190","topk": 1,"topk_value": 1.062112685546875}, {"type": "star","name": "王4","phone": "18266166625","id": "eaba25527b2cb370","x": 23,"y": 1029,"color": "#E25D68","size": 3,"rank": 5,"hidden": false,"classname": "","grade": 0,"pid": "15650616262190","topk": 10,"topk_value": 100.0}, {"type": "circle","name": "","phone": "13335126172","id": "bdc296f791434b88","x": 1268,"y": 481,"color": "#AB47BC","size": 5,"rank": 5,"hidden": false,"classname": "","grade": 2,"pid": "15650616262190","topk": 3,"topk_value": 0.9068427198535208}, {"type": "equilateral","name": "高兰方","phone": "13864064090","id": "4785a21173395f81","x": 1240,"y": 1658,"color": "#8BC34A","size": 9,"rank": 5,"hidden": false,"classname": "","grade": 1,"pid": "15650616262190","topk": 16,"topk_value": 0.8747256311672794}, {"type": "circle","name": "张福祥","phone": "15954908856","id": "1bc1f4c83e5a7b16","x": 763,"y": 1681,"color": "#03A9F4","size": 5,"rank": 5,"hidden": false,"classname": "","grade": 2,"pid": "15650616262190","topk": 3,"topk_value": 0.9441740771484375}, {"type": "star","name": "王18","phone": "13791115213","id": "e1b0b58ad6be9cbf","x": 1,"y": 458,"color": "#E25D68","size": 3,"rank": 5,"hidden": false,"classname": "","grade": 0,"pid": "15650616262190","topk": 10,"topk_value": 100.0}, {"type": "equilateral","name": "","phone": "15053127017","id": "33df44ffb9623342","x": 1109,"y": 1244,"color": "#8BC34A","size": 6,"rank": 5,"hidden": false,"classname": "","grade": 1,"pid": "15650616262190","topk": 7,"topk_value": 0.8747256311672794}, {"type": "equilateral","name": "孙红祥","phone": "18663772119","id": "2bfbc63506d031c3","x": 1094,"y": 1591,"color": "#8BC34A","size": 10,"rank": 5,"hidden": false,"classname": "","grade": 1,"pid": "15650616262190","topk": 2,"topk_value": 0.9956731402665441}, {"type": "star","name": "王8","phone": "18853108619","id": "240afa31bf26e951","x": 1881,"y": 827,"color": "#E25D68","size": 3,"rank": 5,"hidden": false,"classname": "","grade": 0,"pid": "15650616262190","topk": 10,"topk_value": 100.0}, {"type": "star","name": "王26","phone": "13969131069","id": "e107700202e9a0d0","x": 900,"y": 1245,"color": "#8BC34A","size": 10,"rank": 5,"hidden": false,"classname": "","grade": 0,"pid": "15650616262190","topk": 0,"topk_value": 2.473831696943934}, {"type": "circle","name": "马正国","phone": "15165101606","id": "cb78d4eaceb3eb9f","x": 334,"y": 570,"color": "#E25D68","size": 6,"rank": 5,"hidden": false,"classname": "","grade": 2,"pid": "15650616262190","topk": 2,"topk_value": 0.97149859821998}, {"type": "equilateral","name": "","phone": "18954132740","id": "999673ad9c858241","x": 916,"y": 1776,"color": "#8BC34A","size": 8,"rank": 5,"hidden": false,"classname": "","grade": 1,"pid": "15650616262190","topk": 11,"topk_value": 0.8747256311672794}, {"type": "circle","name": "杨振介","phone": "15550036888","id": "e497e95f14ab9a73","x": 1540,"y": 1467,"color": "#8BC34A","size": 5,"rank": 5,"hidden": false,"classname": "","grade": 2,"pid": "15650616262190","topk": 3,"topk_value": 0.9495066457720588}, {"type": "equilateral","name": "牛俊伟","phone": "17862921965","id": "53d20fa1e4d4374d","x": 707,"y": 551,"color": "#E25D68","size": 8,"rank": 5,"hidden": false,"classname": "","grade": 1,"pid": "15650616262190","topk": 6,"topk_value": 0.8813116414710016}, {"type": "equilateral","name": "邵林","phone": "18764477517","id": "50a7eaf278042092","x": 873,"y": 710,"color": "#AB47BC","size": 10,"rank": 5,"hidden": false,"classname": "","grade": 1,"pid": "15650616262190","topk": 1,"topk_value": 1.2162423827543956}, {"type": "equilateral","name": "董双","phone": "18653183222","id": "ecd801b9a981b960","x": 1346,"y": 660,"color": "#E25D68","size": 10,"rank": 5,"hidden": false,"classname": "","grade": 1,"pid": "15650616262190","topk": 4,"topk_value": 0.9526116370579641}, {"type": "equilateral","name": "","phone": "15666661094","id": "989a86a49bd19f61","x": 1325,"y": 1131,"color": "#8BC34A","size": 10,"rank": 5,"hidden": false,"classname": "","grade": 1,"pid": "15650616262190","topk": 1,"topk_value": 0.9956731402665441}, {"type": "star","name": "王9","phone": "15275199406","id": "ef25332d62b68024","x": 1620,"y": 434,"color": "#E25D68","size": 3,"rank": 5,"hidden": false,"classname": "","grade": 0,"pid": "15650616262190","topk": 10,"topk_value": 100.0}, {"type": "circle","name": "","phone": "15662684628","id": "06a09e1aca52d858","x": 763,"y": 1433,"color": "#03A9F4","size": 5,"rank": 5,"hidden": false,"classname": "","grade": 2,"pid": "15650616262190","topk": 2,"topk_value": 0.9441740771484375}, {"type": "circle","name": "","phone": "13793131680","id": "4e7ec0182cadc23b","x": 1518,"y": 1121,"color": "#03A9F4","size": 4,"rank": 5,"hidden": false,"classname": "","grade": 2,"pid": "15650616262190","topk": 4,"topk_value": 0.9441740771484375}, {"type": "equilateral","name": "邓光辉","phone": "13153124715","id": "ac989725714d1c03","x": 357,"y": 924,"color": "#8BC34A","size": 10,"rank": 5,"hidden": false,"classname": "","grade": 1,"pid": "15650616262190","topk": 4,"topk_value": 0.945614688359375}, {"type": "equilateral","name": "","phone": "13210507744","id": "c6dd3364b2b26ca7","x": 998,"y": 738,"color": "#AB47BC","size": 10,"rank": 5,"hidden": false,"classname": "","grade": 1,"pid": "15650616262190","topk": 0,"topk_value": 1.2465065179780002}, {"type": "equilateral","name": "赵利强","phone": "15030926676","id": "0793555b8dea3d36","x": 425,"y": 1612,"color": "#8BC34A","size": 4,"rank": 5,"hidden": false,"classname": "","grade": 1,"pid": "15650616262190","topk": 9,"topk_value": 0.8747256311672794}, {"type": "equilateral","name": "康维信","phone": "13608928014","id": "c68cf3d1302561c1","x": 572,"y": 1111,"color": "#8BC34A","size": 7,"rank": 5,"hidden": false,"classname": "","grade": 1,"pid": "15650616262190","topk": 15,"topk_value": 0.8747256311672794}, {"type": "equilateral","name": "汤吉庆","phone": "13165106880","id": "295ab44037d92dd2","x": 1185,"y": 1448,"color": "#03A9F4","size": 9,"rank": 5,"hidden": false,"classname": "","grade": 1,"pid": "15650616262190","topk": 0,"topk_value": 1.1033400830078124}, {"type": "equilateral","name": "姚克才","phone": "15069080878","id": "1869de7a8831606b","x": 651,"y": 720,"color": "#E25D68","size": 9,"rank": 5,"hidden": false,"classname": "","grade": 1,"pid": "15650616262190","topk": 3,"topk_value": 0.9539894605478512}, {"type": "star","name": "王24","phone": "18653357391","id": "c6a6e7fb87931e9c","x": 1938,"y": 277,"color": "#E25D68","size": 3,"rank": 5,"hidden": false,"classname": "","grade": 0,"pid": "15650616262190","topk": 10,"topk_value": 100.0}, {"type": "star","name": "王14","phone": "18239362155","id": "dd831f13e5e3ebbd","x": 1889,"y": 1227,"color": "#E25D68","size": 3,"rank": 5,"hidden": false,"classname": "","grade": 0,"pid": "15650616262190","topk": 10,"topk_value": 100.0}, {"type": "circle","name": "","phone": "18162077007","id": "59cc20405f979cf2","x": 889,"y": 245,"color": "#AB47BC","size": 6,"rank": 5,"hidden": false,"classname": "","grade": 2,"pid": "15650616262190","topk": 6,"topk_value": 0.9068427198535208}, {"type": "equilateral","name": "杨琳","phone": "13964056593","id": "850f414b4fef6488","x": 581,"y": 1387,"color": "#8BC34A","size": 10,"rank": 5,"hidden": false,"classname": "","grade": 1,"pid": "15650616262190","topk": 8,"topk_value": 0.8747256311672794}, {"type": "equilateral","name": "张海鹰","phone": "15866750917","id": "659575c371827a4a","x": 1298,"y": 1311,"color": "#8BC34A","size": 10,"rank": 5,"hidden": false,"classname": "","grade": 1,"pid": "15650616262190","topk": 10,"topk_value": 0.8747256311672794}],"success":"true"}